muscat_object,instruments,n_frames,ariel_name,period_d,depth_ppm,age,rotation_period,tess_mag,sep_arcsec
WASP-158b,muscat3,3296,WASP-158b,3.6563304,0.63,1.93,,11.7083,0.024978623007309436
EPIC5350,muscat,980,K2-19c,11.8978,0.167324692,1.7,18.36,12.3049,0.2881353966942596
EPIC5350,muscat,980,K2-19b,7.920922,0.482689008,1.7,18.36,12.3049,0.2881353966942596
KELT-9b,"muscat, muscat3, sinistro",11452,KELT-9b,1.48111897,0.677,0.3,,7.58204,0.5465842363737246
HD110067,muscat3,3594,HD110067b,9.113678,0.065513615,8.1,,7.6621,1.1792107049753844
HD110067,muscat3,3594,HD110067d,20.519617,0.110099479,8.1,,7.6621,1.1792107049753844
HD110067,muscat3,3594,HD110067c,13.673694,0.077188902,8.1,,7.6621,1.1792107049753844
HD110067,muscat3,3594,HD110067f,41.05854,0.091572891,8.1,,7.6621,1.1792107049753844
TOI-1266,"muscat3, sinistro",9820,TOI-1266c,18.801682,0.205,4.6,44.6,11.0402,1.9167361655901503
TOI-1266,"muscat3, sinistro",9820,TOI-1266b,10.8945,0.29802206,4.6,44.6,11.0402,1.9167361655901503
HAT-P-49,muscat,1698,HAT-P-49b,2.69155608,0.55180785,1.5,,9.93225,2.156773241209418
K2-33,muscat3,1847,K2-33b,5.42526,0.193650943,0.0093,6.29,12.9895,4.286206742027898
TIC 389900760.01 (TOI 2120.01),muscat3,1366,TOI-2120b,5.7998164,0.630517658,,,12.8233,5.820357339171711
TOI1883,sinistro,362,TOI-1883b,4.50638,1.099465607,,,13.3462,6.669578547319482
WTS-2,muscat3,7129,WTS-2b,1.0187068,3.469180664,7.0,,14.956,6.920142050119576
TOI1410,"muscat, muscat3",6795,TOI-1410.01,1.21687,0.141475362,6.6,,10.1917,8.40447017939971
TOI3629,muscat,539,TOI-3629b,3.9365539,1.606319107,7.0,,12.7882,9.559061776830157
GJ9827,muscat3,4427,GJ9827d,6.201819,0.0957,5.465,28.16,9.0684,9.986664017528154
GJ9827,muscat3,4427,GJ9827c,3.6481195,0.0361,5.465,28.16,9.0684,9.986664017528154
GJ9827,muscat3,4427,GJ9827b,1.20897446,0.0586,5.465,28.16,9.0684,9.986664017528154
TOI 1410,muscat3,2556,TOI-1410.01,1.21687,0.141475362,6.6,,10.1917,10.846620105877493
TOI732,muscat3,137,LTT3780b,0.768448,0.104973446,3.1,104.0,10.5848,10.99940265132858
TOI732,muscat3,137,LTT3780c,12.252247,0.3355,3.1,104.0,10.5848,10.99940265132858
TIC 181804752.02 (TOI 736.02),muscat3,358,LP791-18b,0.948005,0.360562865,0.5,,13.5571,11.201595967561328
TIC 181804752.02 (TOI 736.02),muscat3,358,LP791-18c,4.9899163,1.570712281,0.5,,13.5571,11.201595967561328
TIC 181804752.02 (TOI 736.02),muscat3,358,LP791-18d,2.753436,0.270243493,0.5,,13.5571,11.201595967561328
K2-25,"muscat, muscat2, muscat3, sinistro",4214,K2-25b,3.48456287,1.155,0.73,1.878,13.0275,11.763377558643699
SP3,muscat3,1456,SPECULOOS-3b,0.71912603,0.5291,6.6,,13.7314,11.811636840371909
TOI519,"muscat, muscat2, muscat3",3265,TOI-519b,1.26523248,9.250860552,0.55,,14.4347,12.145548157039928
TOI-2136,sinistro,406,TOI-2136b,7.851949,0.343769318,4.6,82.56,11.7371,12.154770265558186
Kepler-51,"muscat3, sinistro",998,Kepler-51d,130.1845,0.96910112,0.5,8.222,14.2045,12.239519302349962
Kepler-51,"muscat3, sinistro",998,Kepler-51b,45.1542,0.514073569,0.5,8.222,14.2045,12.239519302349962
KEY2020B-005,muscat3,589,TOI-1883b,4.50638,1.099465607,,,13.3462,13.878494533530866
55CNC,muscat,2848,55Cnce,0.73654635,0.041,,39.0,5.2058,15.472404032793628
HD332231,muscat,411,HD332231b,18.71175,0.4867,4.3,,8.0417,15.622110898094357
TOI-1410,muscat3,27186,TOI-1410.01,1.21687,0.141475362,6.6,,10.1917,15.90101170776741
TOI-1634,muscat3,2494,TOI-1634b,0.989343,0.1323,,77.0,11.0136,16.436392573539482
TIC 212957629.01 (TOI 2406.01),muscat3,560,TOI-2406b,3.0766896,1.745713451,,,14.3109,16.85122749971603
TOI-6109,"muscat3, sinistro",9631,TOI-6109b,5.690476,0.191256593,0.075,3.02,10.3622,24.341047715695606
TOI-6109,"muscat3, sinistro",9631,TOI-6109c,8.538878,0.188299369,0.075,3.02,10.3622,24.341047715695606
55Cnc,muscat,37314,55Cnce,0.73654635,0.041,,39.0,5.2058,31.045212475039495
55CnC,muscat,3168,55Cnce,0.73654635,0.041,,39.0,5.2058,32.11964757613577
TOI1696,muscat,495,TOI-1696b,2.50031,1.071185981,7.1,,13.9664,33.52353842928166
KELT-9,"muscat, muscat2, sinistro",19973,KELT-9b,1.48111897,0.677,0.3,,7.58204,37.04597037871038
HAT23,muscat,1371,HAT-P-23b,1.212886386,1.0536,4.0,,11.734,37.740896155319945
HAT49,muscat,3772,HAT-P-49b,2.69155608,0.55180785,1.5,,9.93225,40.84148998852287
wasp12,muscat,740,WASP-12b,1.091418859,1.389,3.05,,11.0967,45.539719120001344
TOI01693.01,"muscat, muscat2",9087,TOI-1693b,1.7666957,0.078969829,,,10.6714,46.14364112522823
TOI-663,"muscat3, sinistro",13766,TOI-663b,2.598902,0.165215359,,30.0,11.7602,47.472040870548284
TOI-663,"muscat3, sinistro",13766,TOI-663c,4.6955507,0.163762926,,30.0,11.7602,47.472040870548284
TOI519.01,muscat,430,TOI-519b,1.26523248,9.250860552,0.55,,14.4347,49.151140027219164
KELT-9_diffuser,muscat,1143,KELT-9b,1.48111897,0.677,0.3,,7.58204,53.44891599855252
TOI-736,"muscat3, muscat4, sinistro",9909,LP791-18b,0.948005,0.360562865,0.5,,13.5571,54.652202831944145
TOI-736,"muscat3, muscat4, sinistro",9909,LP791-18d,2.753436,0.270243493,0.5,,13.5571,54.652202831944145
TOI-736,"muscat3, muscat4, sinistro",9909,LP791-18c,4.9899163,1.570712281,0.5,,13.5571,54.652202831944145
TOI3757,muscat,1987,TOI-3757b,3.438753,3.148601947,7.1,,13.1858,56.89034992019737
TOI4201,muscat,753,TOI-4201b,3.5819194,3.960130057,1.4,17.3,13.5011,57.0331841553041
WASP-12b_SE,muscat,3813,WASP-12b,1.091418859,1.389,3.05,,11.0967,57.125605084554635
WASP-32b,muscat,201,KELT-9b,1.48111897,0.677,0.3,,7.58204,58.53624572420872
KELT-9_nofilter,muscat,928,KELT-9b,1.48111897,0.677,0.3,,7.58204,61.341462530474814
EPIC26032,muscat,120,K2-237b,2.18053404,1.416,1.09,5.07,11.0657,69.6987571477602
EPIC67459,muscat,915,K2-238b,3.2046898,0.70593277,5.63,,13.1749,69.74902327446888
EPIC74928,muscat,4390,K2-405b,3.435497,0.299818268,,,11.9783,70.18252367882762
TOI-654,muscat3,2742,TOI-654.01,1.527561,0.257054643,,,12.2255,71.18123468369043
XO-2N,muscat3,20778,XO-2Nb,2.61585974,1.104869384,6.5,28.6,10.4467,71.20171271854953
TOI01450.01,muscat2,3591,TOI-1450Ab,2.0439274,0.0460046,,35.0,10.0306,72.79411690995148
WASP104,muscat,8198,WASP-104b,1.75540577,1.474,3.0,,11.0658,72.9328490259746
TOI-2120,muscat3,1428,TOI-2120b,5.7998164,0.630517658,,,12.8233,73.59245466139001
TOI02445.01,"muscat, muscat2",2597,TOI-2445b,0.3711281,0.180148695,,,13.1292,73.77296524861114
WASP12,muscat,10972,WASP-12b,1.091418859,1.389,3.05,,11.0967,77.90774350079586
WASP-176,muscat,150,WASP-176b,3.8990588,0.64,4.81,,11.5352,79.04371096309309
TOI1835,muscat,674,HD110067c,13.673694,0.077188902,8.1,,7.6621,80.1847035602533
TOI1835,muscat,674,HD110067d,20.519617,0.110099479,8.1,,7.6621,80.1847035602533
TOI1835,muscat,674,HD110067f,41.05854,0.091572891,8.1,,7.6621,80.1847035602533
TOI1835,muscat,674,HD110067b,9.113678,0.065513615,8.1,,7.6621,80.1847035602533
TOI-2109 b,muscat3,5036,TOI-2109b,0.67247371,0.6651,1.77,,9.78569,80.41376755128148
TOI-5205b,muscat,4124,TOI-5205b,1.630757,7.216936639,,,13.6136,82.76199129488391
TOI1266,muscat,3185,TOI-1266b,10.8945,0.29802206,4.6,44.6,11.0402,82.76475522187881
TOI1266,muscat,3185,TOI-1266c,18.801682,0.205,4.6,44.6,11.0402,82.76475522187881
TOI1811.01,muscat,2096,TOI-1811b,3.7130671,1.761,5.9,,11.1237,83.14887537555587
TOI-560,"muscat3, muscat4, sinistro",31451,HD73583b,6.398058,0.1446,0.78,12.0,8.5925,85.55932554051464
TOI736,"muscat, muscat2, muscat3",8751,LP791-18b,0.948005,0.360562865,0.5,,13.5571,86.35929948365403
TOI736,"muscat, muscat2, muscat3",8751,LP791-18d,2.753436,0.270243493,0.5,,13.5571,86.35929948365403
TOI736,"muscat, muscat2, muscat3",8751,LP791-18c,4.9899163,1.570712281,0.5,,13.5571,86.35929948365403
K2-22b,"muscat, muscat2",5872,K2-22b,0.381078,0.560688796,,,13.9558,88.02447568073424
WASP-84b,muscat,1558,WASP-84b,8.52349598,1.723,8.5,14.36,10.0471,90.88304819930511
TOI04599.01,muscat,618,HD260655b,2.7694913,0.067058366,5.0,37.5,7.89863,91.72059170170495
TOI04599.01,muscat,618,HD260655c,5.7060824,0.102492924,5.0,37.5,7.89863,91.72059170170495
WASP48,muscat,1483,WASP-48b,2.14363676,0.96,7.9,,11.1541,93.46838198252821
WASP103,muscat,1667,WASP-103b,0.92554545,1.195,4.0,,11.7586,96.60396489146567
KELT16,muscat,3731,KELT-16b,0.968992961,1.146,3.1,,11.4373,98.47467209449381
HAT-P-21,muscat,1497,HAT-P-21b,4.12448935,0.7341,10.2,15.88,11.1065,101.10143323439881
TOI663.02,muscat,557,TOI-663c,4.6955507,0.163762926,,30.0,11.7602,101.56273470874302
TOI663.02,muscat,557,TOI-663b,2.598902,0.165215359,,30.0,11.7602,101.56273470874302
TOI01685.01,"muscat, muscat2",10355,TOI-1685b,0.6691416,0.100347433,1.3,18.66,11.1117,104.98039403780346
TOI1201,sinistro,114,TOI-1201b,2.4919715,0.189952708,,21.0,10.9473,107.59174794435489
WASP-44,muscat,860,WASP-44b,2.42381135,1.56,10.3,,12.3993,108.93653104586939
WASP-48,muscat,3216,WASP-48b,2.14363676,0.96,7.9,,11.1541,110.34897300831673
TOI01453.01,muscat2,8156,TOI-1453c,6.5886982,0.080194246,12.0,,10.1426,110.60034119545142
TOI03919,muscat,2012,TOI-3919b,7.433234,0.695,3.1,,12.3342,110.88590206753084
HAT-P-45,muscat,431,HAT-P-45b,3.12899458,1.228246157,2.0,,11.6961,112.11984490829121
HATP20,muscat,1021,HAT-P-20b,2.875317895,2.149811981,6.7,14.48,10.2832,113.85593462817786
TOI1453,muscat,2560,TOI-1453c,6.5886982,0.080194246,12.0,,10.1426,114.91590628087658
WASP12SE,muscat,5645,WASP-12b,1.091418859,1.389,3.05,,11.0967,118.54764346040717
TIC98831b,muscat,1686,TIC434398831b,3.685504,0.125321359,0.061,1.75,11.311,119.78009677037382
TIC98831b,muscat,1686,TIC434398831c,6.210291,0.322424224,0.061,1.75,11.311,119.78009677037382
WASP75,muscat,936,WASP-75b,2.48419766,1.07,3.5,,10.931,120.26049785688787
TOI2015,"muscat, muscat2, muscat3, sinistro",7324,TOI-2015b,3.348237,0.859093003,5.5,8.7,12.8387,121.29167399494462
55 Cnc,muscat3,11329,55Cnce,0.73654635,0.041,,39.0,5.2058,123.06004961799376
WASP10,muscat,573,WASP-10b,3.0927278,2.525,7.0,11.91,11.5189,123.65118201999731
Qatar-1,muscat,271,Qatar-1b,1.420024447,2.14,2.7,30.0,11.8478,125.14081716541351
KELT9,muscat,5651,KELT-9b,1.48111897,0.677,0.3,,7.58204,125.36050770083824
C03T016,muscat,195,K2-28b,2.2604455,0.664,,,13.3455,126.39241442464196
V1298Tau,"muscat, muscat2, muscat3, muscat4, sinistro",167009,V1298Taub,24.1396,0.5,0.023,2.865,9.4901,126.77345547120703
TOI1693,muscat,1572,TOI-1693b,1.7666957,0.078969829,,,10.6714,128.1710201222827
TOI736.31,muscat,615,LP791-18c,4.9899163,1.570712281,0.5,,13.5571,131.83431358040764
TOI736.31,muscat,615,LP791-18b,0.948005,0.360562865,0.5,,13.5571,131.83431358040764
TOI736.31,muscat,615,LP791-18d,2.753436,0.270243493,0.5,,13.5571,131.83431358040764
WASP-92b,muscat2,7422,WASP-92b,2.17467324,1.254,2.29,10.07,12.423,132.66812899011376
HAT-P-26,muscat,1872,HAT-P-26b,4.2345013,0.543,9.0,,10.9016,135.00860788341504
V1298 Tau,"muscat3, sinistro",3604,V1298Taub,24.1396,0.5,0.023,2.865,9.4901,135.0448291947577
WASP-12SE,muscat,3390,WASP-12b,1.091418859,1.389,3.05,,11.0967,136.90179499087333
HAT-P-27,muscat3,2015,HAT-P-27b,3.03957772,1.43,4.4,,11.4063,137.12492983945836
TOI-1759,muscat3,2678,TOI-1759b,18.85019,0.208429893,5.0,35.65,9.92838,137.3431754178951
TOI1685,muscat,4678,TOI-1685b,0.6691416,0.100347433,1.3,18.66,11.1117,137.38987663314666
TOI-1470,muscat3,4958,TOI-1470c,18.08816,0.2315,1.3,29.0,11.4752,137.50232128270957
TOI-1470,muscat3,4958,TOI-1470b,2.527093,0.1814,1.3,29.0,11.4752,137.50232128270957
WASP21,muscat,2084,WASP-21b,4.32250611,0.866675618,12.0,,10.9644,140.81753920898433
KELT-11,muscat,5639,KELT-11b,4.7362056,0.265,,,7.3212,142.08823007625682
WASP32,muscat,783,WASP-32b,2.71866169,1.24,2.22,11.6,11.021,144.4502574462782
TOI-5205,"muscat, muscat2, muscat3, sinistro",6138,TOI-5205b,1.630757,7.216936639,,,13.6136,144.47486297842391
HAT-P-6_diffA,muscat,1662,HAT-P-6b,3.85299775,0.8255,2.3,,9.995771,146.2778718499073
HAT-P-6,muscat,384,HAT-P-6b,3.85299775,0.8255,2.3,,9.995771,151.5084135870179
CoRoT5b,muscat,351,CoRoT-5b,4.0379177,1.461,6.9,,13.4831,152.29177236157477
TOI-663c,muscat,1616,TOI-663b,2.598902,0.165215359,,30.0,11.7602,157.3504139173362
TOI-663c,muscat,1616,TOI-663c,4.6955507,0.163762926,,30.0,11.7602,157.3504139173362
HATP23,muscat,2436,HAT-P-23b,1.212886386,1.0536,4.0,,11.734,160.47332448889648
HAT-P-15,muscat,1497,HAT-P-15b,10.8634511,1.070947817,6.8,,11.0878,163.8237849100625
HAT-P-6_diffAB,muscat,600,HAT-P-6b,3.85299775,0.8255,2.3,,9.995771,164.08007960578965
TOI-3884,"muscat3, sinistro",6299,TOI-3884b,4.544586,3.810190558,,,12.9113,166.19187093400578
TOI1803.02,muscat,1576,TOI-1803c,12.885779,0.302580639,1.4,13.659,11.1476,167.90071543385307
TOI1803.02,muscat,1576,TOI-1803b,6.293287,0.146983617,1.4,13.659,11.1476,167.90071543385307
HAT-P-1,muscat3,6386,HAT-P-1b,4.46530059,1.233792718,2.7,,9.76031,168.99090116267556
TOI01248.01,muscat,2852,TOI-1248b,4.3601561,0.516416457,5.5,,11.1153,169.3857882205074
HAT-P-6_diffB,muscat,432,HAT-P-6b,3.85299775,0.8255,2.3,,9.995771,169.77776563480396
WASP-94A,muscat4,159,WASP-94Ab,3.95020155,1.2,2.7,,9.6433,170.227073311272
GJ3470,muscat,8618,GJ3470b,3.33665245,0.548707138,2.5,21.54,10.2479,170.93217837303592
WASP-12,muscat,1757,WASP-12b,1.091418859,1.389,3.05,,11.0967,172.22831585064318
HIP67522,"muscat4, sinistro",24559,HIP67522c,14.334892,0.277958033,0.017,1.418,9.1871,176.0901086361583
HIP67522,"muscat4, sinistro",24559,HIP67522b,6.959503,0.44021833,0.017,1.418,9.1871,176.0901086361583
TOI544,muscat,246,TOI-544b,1.548351,0.088187061,9.0,19.343,9.6504,176.24397635630447
HAT-P-29,muscat,1447,HAT-P-29b,5.72336883,0.782,2.2,,11.2791,176.26268429427276
IRAS04125,muscat3,6558,IRAS04125+2902b,8.834978,0.460962823,0.0033,11.31,12.8131,176.7907678342255
TRAPPIST-1d,muscat,363,TRAPPIST-1f,9.20669,0.6465,,,13.8529,176.7958422652689
TRAPPIST-1d,muscat,363,TRAPPIST-1c,2.4218233,0.7123,,1.4,13.8529,176.7958422652689
TRAPPIST-1d,muscat,363,TRAPPIST-1d,4.04961,0.3676,7.6,3.3,13.8529,176.7958422652689
TRAPPIST-1d,muscat,363,TRAPPIST-1e,6.099615,0.5012,,,13.8529,176.7958422652689
TRAPPIST-1d,muscat,363,TRAPPIST-1g,12.35294,0.7555,,,13.8529,176.7958422652689
TRAPPIST-1d,muscat,363,TRAPPIST-1h,18.767,0.3375,,,13.8529,176.7958422652689
TRAPPIST-1d,muscat,363,TRAPPIST-1b,1.5108708,0.7378,,1.4,13.8529,176.7958422652689
wasp77ab,"muscat3, sinistro",14824,WASP-77Ab,1.360028897,1.783,6.2,15.4,9.62713,179.09377952283648
WASP-92,muscat2,1794,WASP-92b,2.17467324,1.254,2.29,10.07,12.423,180.19554566818763
XO-2,muscat,1984,XO-2Nb,2.61585974,1.104869384,6.5,28.6,10.4467,184.25221958595438
WASP3,muscat,312,WASP-3b,1.84683512,1.11,2.1,,10.1058,188.25799568119956
TOI02136,muscat3,2108,TOI-2136b,7.851949,0.343769318,4.6,82.56,11.7371,191.65209304495303
HAT-P-1b,muscat,756,HAT-P-1b,4.46530059,1.233792718,2.7,,9.76031,192.55961566251463
Kepler-12,muscat2,6032,Kepler-12b,4.4379627,1.477228789,4.0,,12.9614,192.5865519459499
TRAPPIST,muscat,823,TRAPPIST-1b,1.5108708,0.7378,,1.4,13.8529,193.8927408901294
TRAPPIST,muscat,823,TRAPPIST-1h,18.767,0.3375,,,13.8529,193.8927408901294
TRAPPIST,muscat,823,TRAPPIST-1c,2.4218233,0.7123,,1.4,13.8529,193.8927408901294
TRAPPIST,muscat,823,TRAPPIST-1f,9.20669,0.6465,,,13.8529,193.8927408901294
TRAPPIST,muscat,823,TRAPPIST-1e,6.099615,0.5012,,,13.8529,193.8927408901294
TRAPPIST,muscat,823,TRAPPIST-1d,4.04961,0.3676,7.6,3.3,13.8529,193.8927408901294
TRAPPIST,muscat,823,TRAPPIST-1g,12.35294,0.7555,,,13.8529,193.8927408901294
HAT-P-32b,"muscat, muscat2",17737,HAT-P-32b,2.150008096,2.216,2.7,,10.7696,194.31945473595107
TOI736.02,muscat,955,LP791-18d,2.753436,0.270243493,0.5,,13.5571,194.7223256406378
TOI736.02,muscat,955,LP791-18c,4.9899163,1.570712281,0.5,,13.5571,194.7223256406378
TOI736.02,muscat,955,LP791-18b,0.948005,0.360562865,0.5,,13.5571,194.7223256406378
K2-146,muscat,900,K2-146b,2.6698,0.347350228,5.0,,13.7247,196.2556781367152
TOI4860,muscat3,1062,TOI-4860b,1.5227591,4.885244267,,,13.7726,196.3329829755795
WASP-35,"muscat3, muscat4",9953,WASP-35b,3.1615687,1.5,5.0,,10.4408,198.58072611705518
WASP33,muscat,23212,WASP-33b,1.21987081,1.285192113,,,7.87611,200.61777261690438
TIC434398831,sinistro,471,TIC434398831c,6.210291,0.322424224,0.061,1.75,11.311,200.954227818378
TIC434398831,sinistro,471,TIC434398831b,3.685504,0.125321359,0.061,1.75,11.311,200.954227818378
TOI-6251,muscat3,6443,Gliese12b,12.761418,0.103517277,7.0,85.0,10.1769,203.48663435776433
TOI-1452,muscat3,5318,TOI-1452b,11.06201,0.309,,,12.295,203.585644777351
TOI-6963,sinistro,159,IRAS04125+2902b,8.834978,0.460962823,0.0033,11.31,12.8131,206.28568947317046
TOI-1685,muscat3,2166,TOI-1685b,0.6691416,0.100347433,1.3,18.66,11.1117,209.3304963172881
TOI488,muscat,2964,GJ3473b,1.1980035,0.10135112,,168.3,11.1972,209.9086606975542
TOI-5799,sinistro,1246,TOI-5799b,4.164753,0.206,7.0,,11.1798,212.64537984042997
TOI-5799,sinistro,1246,TOI-5799c,14.010449,0.252670125,9.6,,11.1798,212.64537984042997
TOI-1835,muscat3,6675,HD110067b,9.113678,0.065513615,8.1,,7.6621,214.0499072220641
TOI-1835,muscat3,6675,HD110067f,41.05854,0.091572891,8.1,,7.6621,214.0499072220641
TOI-1835,muscat3,6675,HD110067c,13.673694,0.077188902,8.1,,7.6621,214.0499072220641
TOI-1835,muscat3,6675,HD110067d,20.519617,0.110099479,8.1,,7.6621,214.0499072220641
EPIC68333,muscat,2386,K2-198b,17.042881,0.224446894,,,10.4556,215.75888825260816
TOI-1803,muscat3,2109,TOI-1803c,12.885779,0.302580639,1.4,13.659,11.1476,216.10078564961427
TOI-1803,muscat3,2109,TOI-1803b,6.293287,0.146983617,1.4,13.659,11.1476,216.10078564961427
WASP-135b,muscat,1439,WASP-135b,1.40137944,1.94,0.6,,12.4197,217.0957434479142
K2-100,"muscat3, muscat4",2097,K2-100b,1.673916,0.065592412,0.79,4.3,10.0121,219.28919046539252
TOI01826.01,muscat2,10649,HAT-P-59b,4.14197813,1.09307414,7.3,,11.2086,219.95553472857156
WASP-43,"muscat2, muscat3",6951,WASP-43b,0.813474057,2.444873164,7.0,15.6,11.1184,220.26295359547183
TOI01472.01,muscat,2453,TOI-1472b,6.36338574,0.196123419,3.1,,10.5508,222.54620015568997
HIP41378,"muscat, muscat2, muscat3, sinistro",23094,HIP41378f,542.07975,0.446150538,4.279,,8.4642,227.22715505955836
CON2021A-003,muscat3,797,TOI-663c,4.6955507,0.163762926,,30.0,11.7602,227.33735447991765
CON2021A-003,muscat3,797,TOI-663b,2.598902,0.165215359,,30.0,11.7602,227.33735447991765
HATS-2,muscat4,1376,HATS-2b,1.354133611,1.897323547,9.7,22.46,12.7492,228.50975007645974
KELT17,muscat,4999,KELT-17b,3.08018045,0.907,0.65,,9.02097,230.63864082559252
HAT-P-49b,muscat,1630,HAT-P-49b,2.69155608,0.55180785,1.5,,9.93225,230.6478887406242
Qatar2,muscat,1202,WASP-43b,0.813474057,2.444873164,7.0,15.6,11.1184,231.28331830964368
TOI-2134c,muscat,7898,TOI-2134b,9.2292005,0.120990351,3.8,45.78,7.7945,233.38231209552882
TOI-2134c,muscat,7898,TOI-2134c,95.5,0.883720621,3.8,45.78,7.7945,233.38231209552882
TOI01862.01,muscat2,3637,WASP-150b,5.644213,0.44,2.95,,11.5429,233.75506173030433
WASP-96,muscat4,1103,WASP-96b,3.42525672,1.376224475,5.2,20.16,11.9116,233.76539159647785
V1298_Tau,muscat,35687,V1298Taub,24.1396,0.5,0.023,2.865,9.4901,234.3650055028755
TOI509,muscat,6236,HD63935b,9.0588586,0.08170409,6.8,,7.9259,234.91595432125092
TOI-782,muscat3,1683,TOI-782b,8.0240015,0.368328692,,65.257,12.2875,236.00034305946446
WASP-148,"muscat2, muscat3",3966,WASP-148b,8.803812,0.678327885,3.6,26.0,11.5906,238.23719867118453
KELT-23A,muscat3,8630,KELT-23Ab,2.25528757,1.864,6.4,,9.76703,241.09099110833785
HIP 67522,"muscat4, sinistro",4929,HIP67522b,6.959503,0.44021833,0.017,1.418,9.1871,242.99616821917706
HIP 67522,"muscat4, sinistro",4929,HIP67522c,14.334892,0.277958033,0.017,1.418,9.1871,242.99616821917706
TOI4599,muscat3,3443,HD260655c,5.7060824,0.102492924,5.0,37.5,7.89863,243.8432364702807
TOI4599,muscat3,3443,HD260655b,2.7694913,0.067058366,5.0,37.5,7.89863,243.8432364702807
TOI-1730,"muscat3, sinistro",34679,LHS1903c,6.226185,0.121,7.08,40.8,10.3595,244.5673194601615
TOI1634,muscat,2413,TOI-1634b,0.989343,0.1323,,77.0,11.0136,245.7918851290505
TOI-736c,muscat,1856,LP791-18b,0.948005,0.360562865,0.5,,13.5571,246.29049236810167
TOI-736c,muscat,1856,LP791-18c,4.9899163,1.570712281,0.5,,13.5571,246.29049236810167
TOI-736c,muscat,1856,LP791-18d,2.753436,0.270243493,0.5,,13.5571,246.29049236810167
TOI-6963b,muscat,4299,IRAS04125+2902b,8.834978,0.460962823,0.0033,11.31,12.8131,249.32212258907592
TOI01430.01,muscat2,1252,HD235088b,7.4341319,0.055400201,0.7,12.17,8.3879,252.29062002514556
TOI04481.01,muscat,4358,GJ806b,0.9263237,0.086707218,5.0,41.4,8.72762,252.33664210114333
TRAPPIST-1,"muscat, muscat2, muscat3, muscat4",18198,TRAPPIST-1b,1.5108708,0.7378,,1.4,13.8529,253.72854027665977
TRAPPIST-1,"muscat, muscat2, muscat3, muscat4",18198,TRAPPIST-1e,6.099615,0.5012,,,13.8529,253.72854027665977
TRAPPIST-1,"muscat, muscat2, muscat3, muscat4",18198,TRAPPIST-1f,9.20669,0.6465,,,13.8529,253.72854027665977
TRAPPIST-1,"muscat, muscat2, muscat3, muscat4",18198,TRAPPIST-1h,18.767,0.3375,,,13.8529,253.72854027665977
TRAPPIST-1,"muscat, muscat2, muscat3, muscat4",18198,TRAPPIST-1g,12.35294,0.7555,,,13.8529,253.72854027665977
TRAPPIST-1,"muscat, muscat2, muscat3, muscat4",18198,TRAPPIST-1d,4.04961,0.3676,7.6,3.3,13.8529,253.72854027665977
TRAPPIST-1,"muscat, muscat2, muscat3, muscat4",18198,TRAPPIST-1c,2.4218233,0.7123,,1.4,13.8529,253.72854027665977
qatar1,muscat,428,Qatar-1b,1.420024447,2.14,2.7,30.0,11.8478,254.015880233637
HIP41378f,muscat,7951,HIP41378f,542.07975,0.446150538,4.279,,8.4642,257.02233595155786
TOI02134.01,"muscat, muscat2",12657,TOI-2134b,9.2292005,0.120990351,3.8,45.78,7.7945,260.3366737340634
TOI02134.01,"muscat, muscat2",12657,TOI-2134c,95.5,0.883720621,3.8,45.78,7.7945,260.3366737340634
TOI-1266b,muscat,4476,TOI-1266b,10.8945,0.29802206,4.6,44.6,11.0402,262.05211816343285
TOI-1266b,muscat,4476,TOI-1266c,18.801682,0.205,4.6,44.6,11.0402,262.05211816343285
Kepler51,muscat2,2392,Kepler-51b,45.1542,0.514073569,0.5,8.222,14.2045,263.1138332734087
Kepler51,muscat2,2392,Kepler-51d,130.1845,0.96910112,0.5,8.222,14.2045,263.1138332734087
WASP-39,muscat3,4617,WASP-39b,4.05528028,1.992351814,8.5,,11.3763,265.62011726881076
V1298Tauc,"muscat, muscat2",8516,V1298Taub,24.1396,0.5,0.023,2.865,9.4901,267.81522849235955
TOI5398,muscat3,2128,TOI-5398c,4.77271,0.094279777,0.65,7.34,9.58055,272.7984147050217
TOI5398,muscat3,2128,TOI-5398b,10.590547,0.807249264,0.65,7.34,9.58055,272.7984147050217
K2-19b,muscat,684,K2-19b,7.920922,0.482689008,1.7,18.36,12.3049,275.2228116372556
K2-19b,muscat,684,K2-19c,11.8978,0.167324692,1.7,18.36,12.3049,275.2228116372556
3470,muscat,333,GJ3470b,3.33665245,0.548707138,2.5,21.54,10.2479,281.68387411491017
WASP-103,muscat,3393,WASP-103b,0.92554545,1.195,4.0,,11.7586,285.79690533425355
TOI1288,muscat,3308,TOI-1288b,2.69983041,0.226234308,12.1,,9.93119,290.63301561512463
K2-3,muscat,5823,K2-3b,10.0546611,0.121743122,6.9,40.71,10.5459,293.24077158200834
TOI006663.01,muscat,556,TOI-663c,4.6955507,0.163762926,,30.0,11.7602,299.2500789355554
TOI006663.01,muscat,556,TOI-663b,2.598902,0.165215359,,30.0,11.7602,299.2500789355554
HAT-P-12,muscat,4735,HAT-P-12b,3.21305773,1.977,2.5,,11.7551,300.3393771241429
TOI4600,muscat3,6606,TOI-4600b,82.6869,0.59303214,2.3,,11.8787,301.77869355484955
WASP-80,muscat,10181,WASP-80b,3.06785211,2.937,7.0,,10.3622,305.8820027576039
HAT-P-19,muscat,1004,HAT-P-19b,4.00878324,2.11663185,8.8,35.5,11.9475,308.44919489845313
Kepler-51b,muscat2,6213,Kepler-51d,130.1845,0.96910112,0.5,8.222,14.2045,308.50264776275577
Kepler-51b,muscat2,6213,Kepler-51b,45.1542,0.514073569,0.5,8.222,14.2045,308.50264776275577
KELT-17,muscat,19559,KELT-17b,3.08018045,0.907,0.65,,9.02097,319.4343377231758
kepler-51d,muscat2,1937,Kepler-51b,45.1542,0.514073569,0.5,8.222,14.2045,324.41866074343477
kepler-51d,muscat2,1937,Kepler-51d,130.1845,0.96910112,0.5,8.222,14.2045,324.41866074343477
M27,muscat2,264,HD189733b,2.218574947,2.26,6.8,11.95,6.8481,326.3659744030222
WASP80,muscat,2844,WASP-80b,3.06785211,2.937,7.0,,10.3622,328.1462973723054
Kepler-51c,"muscat, muscat2",4810,Kepler-51d,130.1845,0.96910112,0.5,8.222,14.2045,329.12489847697276
Kepler-51c,"muscat, muscat2",4810,Kepler-51b,45.1542,0.514073569,0.5,8.222,14.2045,329.12489847697276
TOI01184.01,"muscat, muscat2",6775,TOI-1184b,5.748432,0.100407321,5.3,,9.9469,333.0763139942139
WASP92,muscat2,160,WASP-92b,2.17467324,1.254,2.29,10.07,12.423,336.55978843997536
EPIC38401,muscat,647,K2-333b,14.759875,0.207668875,,,11.5559,352.4920490299556
wasp148b,muscat2,2184,WASP-148b,8.803812,0.678327885,3.6,26.0,11.5906,354.9164976612495
TOI01759.01,muscat2,7920,TOI-1759b,18.85019,0.208429893,5.0,35.65,9.92838,373.3407832550467
WASP-77Ab,sinistro,170,WASP-77Ab,1.360028897,1.783,6.2,15.4,9.62713,387.2007276087061
TrES-5b,muscat2,5844,TrES-5b,1.482246565,1.998205223,7.4,,12.883,389.2183840998806
TOI06008,muscat2,1708,TOI-6008b,0.8574347,0.1517,3.0,,12.2936,390.9647802662829
Kepler-433,muscat3,1295,KOI-12b,17.855227,0.881382531,1.5,,10.931,392.1874419961002
TOI02081.01,muscat2,5589,WASP-150b,5.644213,0.44,2.95,,11.5429,405.17718245805725
toi02136.01,muscat2,2469,TOI-2136b,7.851949,0.343769318,4.6,82.56,11.7371,411.3129084743975
TOI05688.01,muscat2,1161,TOI-5688Ab,2.94815527,2.751039525,7.2,,14.2085,413.14107619594205
TOI06008.01,muscat2,1268,TOI-6008b,0.8574347,0.1517,3.0,,12.2936,413.55293798904876
TOI-1136,"muscat2, sinistro",10311,TOI-1136b,4.17278,0.032381364,0.7,,8.9361,419.9452388305846
TOI-1136,"muscat2, sinistro",10311,TOI-1136c,6.258708,0.074348338,0.7,,8.9361,419.9452388305846
TOI-1136,"muscat2, sinistro",10311,TOI-1136f,26.31789,0.135036564,0.7,,8.9361,419.9452388305846
TOI-1136,"muscat2, sinistro",10311,TOI-1136d,12.518996,0.192037889,0.7,,8.9361,419.9452388305846
TOI-1136,"muscat2, sinistro",10311,TOI-1136e,18.7953,0.062469312,0.7,,8.9361,419.9452388305846
HAT-P-37b,muscat2,1477,HAT-P-37b,2.79744203,1.899,3.6,,12.7678,434.35920341145373
TOI05522.01,muscat2,8358,HIP41378f,542.07975,0.446150538,4.279,,8.4642,440.2620681387482
TOI06008.02,muscat2,6367,TOI-6008b,0.8574347,0.1517,3.0,,12.2936,454.4392752034894
TOI04491.01,muscat2,7798,Ross176b,5.0066338,0.087892086,3.0,33.0,10.4382,454.63554967930776
KEPLER-12,muscat2,1577,Kepler-12b,4.4379627,1.477228789,4.0,,12.9614,458.8421046997597
KELT-9b_SE,"muscat, muscat2",17487,KELT-9b,1.48111897,0.677,0.3,,7.58204,463.27186292102164
TOI05386.01,muscat2,10805,TOI-5386Ab,3.62156552,1.172,3.4,,11.3502,476.81811004410736
HD201033,muscat2,13587,TOI-1431b,2.65023153,0.5797,0.29,,7.79824,480.4202238913072
TOI01268.01,muscat2,9590,TOI-1268b,8.157727,0.8186,0.245,10.9,10.1495,486.415380852769
TOI02013.01,"muscat, muscat2",4792,GJ3929b,2.616235,0.097519541,7.1,122.0,10.2705,491.60051584580344
TOI01416.01,muscat2,11577,TOI-1416b,1.0697568,0.0455,6.9,17.6,9.0739,493.97464534166113
HAT-P-44b,muscat2,3187,HAT-P-44b,4.30119068,1.842325768,7.5,,12.4474,500.45481883842496
TOI01470.01,"muscat, muscat2",8289,TOI-1470b,2.527093,0.1814,1.3,29.0,11.4752,503.7609959217493
TOI01470.01,"muscat, muscat2",8289,TOI-1470c,18.08816,0.2315,1.3,29.0,11.4752,503.7609959217493
TOI01456.01,muscat2,6853,HD332231b,18.71175,0.4867,4.3,,8.0417,506.2986172905793
HD149026b,muscat2,9996,HD149026b,2.87588859,0.293931885,2.6,,7.6262,525.473020458043
HAT-P-44,"muscat, muscat2",6789,HAT-P-44b,4.30119068,1.842325768,7.5,,12.4474,535.5500530056736
KELT-9bSE,muscat2,14926,KELT-9b,1.48111897,0.677,0.3,,7.58204,546.7319307979941
HD108236,sinistro,790,HD108236e,19.590239,0.104244551,6.7,,8.6522,565.1298828194017
HD108236,sinistro,790,TOI-1233.01,14.17555,0.078623393,6.7,,8.6522,565.1298828194017
MASCARA-2b,muscat2,7482,KELT-20b,3.47410057,1.309,0.2,,7.55216,565.6587814610858
wasp-184b,muscat2,3684,WASP-148b,8.803812,0.678327885,3.6,26.0,11.5906,577.8529285509142
WASP-148b,"muscat2, sinistro",32645,WASP-148b,8.803812,0.678327885,3.6,26.0,11.5906,590.2711931126181
