,star,teff,eteff,logg,elogg,vsini,evsini,rad,prot,smwo,esmwo,logrphk,elogrphk,emission
0,GJ143,4796.0,139.0,4.58,0.06,2.1,1.1,0.710513,14.800700440730152,0.6065207859211995,0.0012316715584100317,-4.466486853111302,0.05808104243479315,True
1,HAT-P-1,5986.0,84.0,4.31,0.03,5.0,0.4,1.220279,10.668708021812574,0.15522006780642422,0.001251033280028432,-4.867517243578167,0.40248943287724326,False
2,HAT-P-15,5608.0,108.0,4.4,0.04,2.4,0.3,1.064501,19.312101419406385,0.21249479540107138,0.0018998231278439667,-4.727059026502956,0.297778079048597,False
3,HAT-P-16,6126.0,69.0,4.33,0.03,3.5,0.2,1.209774,15.185526029901867,0.16283082316673939,0.0018332764621888681,-4.794964925040092,0.2809282849392827,False
4,HAT-P-2,6521.5,49.5,4.18,0.01,22.1,0.5,1.647685,3.1383987965997595,0.18570735871648494,0.0006869975183239838,-4.629415698104475,0.1144193431539437,False
5,HAT-P-21,5666.0,86.0,4.22,0.04,5.4,0.2,1.256761,10.254289458630208,0.33577165279451754,0.0034144331667831833,-4.425026852101173,0.12493788478452064,True
6,HAT-P-29,6096.0,61.0,4.33,0.02,5.8,0.2,1.224865,9.271629815595901,0.1714004558175066,0.0023292633684469637,-4.757529160650421,0.22849590502451,False
7,HAT-P-3,5250.0,129.0,4.51,0.05,1.1,0.6,0.878839,34.4174664435738,0.21069107099151668,0.0020486061267947693,-4.858464902575188,0.3019183577138998,True
8,HAT-P-33,6601.5,49.5,4.19,0.01,15.5,0.4,1.63745,4.376402101001822,0.1719367110499415,0.0020607210579628157,-4.688163111457675,0.12515335169974554,False
9,HAT-P-67,6686.0,149.0,3.86,0.09,35.4,0.5,2.663691,3.2099898376488225,0.2097975451087067,0.0024400261586357236,-4.52576641306863,0.2511586788663092,False
10,HATS-10,6002.0,123.0,4.35,0.09,4.8,0.3,1.255736,11.055492892811063,0.15876678952650525,0.01052186551279317,-4.843596363417074,0.5593473209970349,True
11,HATS-17,5730.0,50.0,4.24,0.08,3.2,0.3,1.288644,18.152670033180524,0.13545666761505698,0.012489639176796706,-5.0639323096736595,0.3334889952680135,False
12,HATS-22,4736.0,150.0,4.55,0.11,1.7,0.8,0.809916,19.73211854571511,0.2565303064876981,0.0559991607349213,-4.946773870993956,0.1835079428928969,True
13,HATS-24,6140.0,138.0,4.32,0.1,10.3,0.5,1.26823,5.09089562040414,0.1869170229607132,0.013662928469996378,-4.679337147732322,0.4297154606400076,False
14,HATS-25,5692.0,58.0,4.34,0.07,2.1,0.5,1.136439,23.40887692573114,0.16869192286667017,0.009220360738812697,-4.873206696126207,0.24189515572621864,True
15,HATS-27,6640.0,122.0,4.14,0.11,7.6,0.2,1.638735,9.758594200102928,0.19468948150838672,0.02642490744707193,-4.584565994506282,0.23910897637471268,False
16,HATS-29,5598.0,113.0,4.38,0.08,1.8,0.7,1.11667,26.230632075822882,0.1656964665743873,0.010637319013227273,-4.916126787811518,0.4767668099729756,False
17,HATS-33,5666.0,70.0,4.47,0.08,4.0,0.3,1.037663,10.87175335533927,0.21599917684943765,0.0724145628151264,-4.697421240266313,0.19571689550357663,False
18,HATS-35,6290.0,111.0,4.3,0.09,8.8,0.7,1.408867,6.6453953050602745,0.16847637447256988,0.0780141730869943,-4.736810412484345,0.37862366929709285,False
19,HATS-39,6550.0,106.0,4.05,0.15,7.4,0.2,1.64707,10.680749126994572,0.18602056419581256,0.023361749997636516,-4.625844986346422,0.23908006077697377,False
20,HATS-40,6484.0,106.0,3.91,0.09,9.7,0.3,2.233343,10.078148697641208,0.1691979851714781,0.0047803602755062975,-4.709726051106612,0.30185706991931377,False
21,HATS-41,6386.0,45.0,4.22,0.01,20.1,0.5,1.530338,3.277067886281241,0.19980570923353194,0.006494908587865773,-4.587834089596812,0.1029298222687757,False
22,HATS-42,5974.0,113.0,4.28,0.11,5.6,0.4,1.331001,10.037982358276816,0.10028654368745875,0.045420664799101784,-5.4531471533612,2.0816423168399765,
23,HATS-43,5064.0,150.0,4.48,0.12,2.9,0.3,0.923133,13.163605484308194,0.3718704008222914,0.05183585156847012,-4.597252292141634,0.14751341983196795,True
24,HATS-45,6260.0,145.0,4.3,0.11,9.9,0.6,1.361264,5.611612409847757,0.10910410982026089,0.5403368759471603,-5.248804194498084,1.7294381364605242,False
25,HATS-52,5734.0,150.0,4.45,0.13,4.3,0.5,0.993317,9.706065850771685,0.24527011803582927,0.11759425821021796,-4.592343321562207,0.3448885457997996,
26,HATS-58A,6420.0,100.0,3.82,0.04,4.3,0.6,2.551648,25.73278070865551,0.13657508601751894,0.0027919996071922495,-4.923875427093046,0.4855553982916485,False
27,HATS-60,5730.0,52.0,4.24,0.06,4.2,0.6,1.350238,14.311432096426872,0.16527998617837364,0.010235859005766795,-4.879071192686519,0.22658677355808318,True
28,HATS-64,6700.0,72.0,4.4,0.02,13.0,0.4,2.039132,4.4491378822097785,0.1587780604132402,0.027314398243270067,-4.759506422719118,0.20785264950803103,False
29,HATS-65,6264.0,104.0,4.3,0.08,6.7,0.4,1.265263,8.254088744228486,0.1649251204969794,0.007263689607888784,-4.7591610525763555,0.37545141243981944,True
30,HATS-68,6130.0,131.0,4.09,0.1,7.1,0.3,1.751258,10.605780650159172,0.14961601709253192,0.05603684390841319,-4.871323719858808,0.6365748543186807,False
31,HATS-9,5656.0,116.0,4.12,0.09,4.0,0.4,1.595262,17.66137386775296,0.16006521876494917,0.016917265704039976,-4.927603490803398,0.5314194893580356,True
32,HD106315,6435.0,36.0,4.29,0.01,13.6,0.3,1.264437,4.074316976046441,0.16516126650292517,0.0010742588970705314,-4.735400391610889,0.112201481106681,False
33,HD108236,5664.0,106.0,4.46,0.04,2.1,0.2,0.900485,18.492968235257266,0.19512616663242421,0.0005739546311096525,-4.769657477665077,0.33987430129652213,True
34,HD110113,5694.0,77.0,4.45,0.03,2.8,0.2,0.99699,15.431807266663576,0.20100248717086555,0.0005756161814985603,-4.739067942521433,0.23610411059230274,True
35,HD136352,5604.0,121.0,4.26,0.04,0.4,0.3,1.095528,119.4551370362965,0.17000665129674605,0.0004719905742077028,-4.893420323280517,0.4873851862544769,False
36,HD149026,6128.0,96.0,4.24,0.06,6.6,0.3,1.481197,9.50893963248637,0.152052188916223,0.0015488038455960178,-4.856418457244595,0.4501484508760429,False
37,HD152843,6120.0,97.0,4.11,0.04,7.5,0.2,1.498781,8.76954270473227,0.15044313205193469,0.0008801789155556731,-4.868006425390207,0.4675985808999874,False
38,HD183579,5874.0,136.0,4.43,0.05,2.3,0.2,0.991468,18.97296010154964,0.19515519541690338,0.0005689536943215352,-4.709112114230539,0.43669063958760207,True
39,HD191939,5614.0,146.0,4.44,0.05,0.0,0.0,0.916877,inf,0.16579236616867138,0.0015322934144730313,-4.91075445327007,0.6181570663245772,False
40,HD202772A,6414.0,84.0,3.78,0.03,6.5,0.2,2.857563,19.16423049624411,0.15505592671559523,0.0011975332000924053,-4.794904866517259,0.30419773562216657,False
41,HD219666,5674.0,135.0,4.38,0.05,0.9,0.1,1.053823,51.126630026385385,0.15438302579482688,0.0007215739222631523,-4.953792146986245,0.6672639500475639,False
42,HD221416,5054.0,57.0,3.51,0.07,0.0,0.0,2.985892,inf,0.1417497625739032,0.00032578986111435153,-5.229403795414406,0.22511346165142465,True
43,HD3167,5212.0,150.0,4.47,0.11,2.1,0.3,0.945882,18.25568793845739,0.16301827568666263,0.0032723779382406526,-5.057819476653688,0.5228793529443058,True
44,HD332231,6174.0,88.0,4.28,0.03,5.2,0.1,1.284508,10.839878041784743,0.15241620762351993,0.0005461709805133927,-4.845565740754388,0.39908166280836477,False
45,HD39091,5992.0,92.0,4.34,0.03,3.1,0.3,1.177462,16.71260544258067,0.15915328335047862,4.83865353259843e-05,-4.843731360941645,0.4177849071149599,False
46,HD63935,5730.0,144.0,4.45,0.05,1.8,0.3,0.969576,23.631952230003396,0.18607050464080455,0.0013242640286803941,-4.78506675008826,0.5050738436261645,True
47,HD80606,5464.0,137.0,4.39,0.16,2.9,0.4,1.127692,16.36241354844506,0.15686292241276753,0.0012208167213080148,-5.003980599710735,0.6074436194058405,False
48,HD89345,5540.0,75.0,4.01,0.03,3.2,0.1,1.765189,24.378876681543606,0.14799774152354084,0.0049954184177595975,-5.031433816945368,0.3877919057409824,False
49,HIP41378,6202.0,122.0,4.26,0.09,5.8,0.2,1.395346,9.914297443970062,0.15390592242388518,0.0012779791444546755,-4.831523415272332,0.5317562297767029,False
50,HR858,6220.0,54.0,4.24,0.02,8.0,0.3,1.326249,7.187568841880206,0.15946148685522543,0.00040415230895962526,-4.796089711736296,0.21572210269335487,False
51,K2-105,5442.0,121.0,4.47,0.04,3.1,0.8,0.923533,13.022713504909666,0.2605348730772895,0.0031766790302280782,-4.6517029866543345,0.2318192251469899,True
52,K2-107,5970.0,118.0,4.06,0.09,4.5,0.3,1.779339,16.999721029039524,0.15049252226453216,0.008616570885100098,-4.89973974763378,0.606951698062613,False
53,K2-110,4966.0,36.0,4.55,0.02,0.0,0.0,0.722435,inf,0.1886494176055955,0.0017450095713317378,-5.0436077067658225,0.07890963032132269,True
54,K2-115,5608.0,150.0,4.52,0.12,3.1,0.3,0.891135,11.996677656434763,0.27697304460236816,0.06985446217952695,-4.556800679887215,0.2823772726746009,False
55,K2-138,5378.0,121.0,4.48,0.05,4.3,0.3,0.883463,9.03394849247856,0.27160378107712596,0.0012446371461789384,-4.649833929700715,0.21181941248550026,True
56,K2-139,5114.0,150.0,4.49,0.12,3.5,0.3,0.934874,10.919489984357805,0.3520821155784929,0.04909498555352016,-4.6058449713606215,0.16185024875172815,True
57,K2-140,5678.0,39.0,4.45,0.08,3.2,0.3,1.000036,13.790704352513664,0.2195231930929062,0.06816884341889855,-4.682666343912193,0.11177704215360927,False
58,K2-141,4472.0,150.0,4.63,0.11,3.5,0.3,0.722356,8.470052938132039,0.9430578046663056,0.035324264592809296,-4.409796338146797,0.057300867359380794,True
59,K2-172,5342.0,150.0,4.48,0.12,0.6,1.2,0.91173,62.83414820126619,0.21082653875920535,0.010710455894265438,-4.82398679518359,0.37269939659878115,True
60,K2-19,5285.0,82.0,4.53,0.15,2.9,0.3,0.869603,12.76081886945303,0.27514554969120475,0.026040688246197298,-4.677321321355327,0.134973999743704,True
61,K2-198,5174.0,77.0,4.51,0.04,5.4,0.2,0.810629,6.607671378659966,0.6545285791084345,0.012822586552981683,-4.262506209337277,0.04137513949540047,True
62,K2-222,5840.0,81.0,4.26,0.03,1.8,0.3,1.13838,27.620273260987084,0.173964874782741,0.0008852020995718234,-4.806654018453415,0.32029602054589523,False
63,K2-232,5860.0,130.0,4.29,0.1,3.0,0.3,1.272519,17.556087220228022,0.1461578127012167,0.0194598720895614,-4.954085984451968,0.729204839373109,False
64,K2-233,4818.0,27.0,4.6,0.06,4.2,0.2,0.734917,7.388389670393636,0.6779442411338067,0.008873629018138813,-4.402422610770804,0.013473560348832809,True
65,K2-236,6068.0,69.0,4.23,0.03,1.3,0.4,1.383062,46.25920097816249,0.14994335266760708,0.001976968374981765,-4.881642502540591,0.3442433946503704,False
66,K2-237,6570.0,140.0,4.4,0.09,12.5,0.2,1.285937,4.185183289242381,0.20223758504086933,0.02269903991737878,-4.5597372362436674,0.2679731182930833,False
67,K2-24,5678.0,13.0,4.33,0.14,3.3,0.3,1.117673,15.950373769327319,0.12865272228975344,0.013450401011302153,-5.133410392530081,0.09846179416926246,False
68,K2-261,5516.0,79.0,4.05,0.06,2.9,0.3,1.688489,25.227719066804788,0.14177673794518753,0.00867941966028716,-5.078679764582962,0.44313036305556774,False
69,K2-280,5708.0,68.0,4.27,0.07,2.9,0.3,1.211672,19.130259207737282,0.13815254918454123,0.014379772701805656,-5.04948585175617,0.4312081948531432,False
70,K2-290,6266.0,118.0,4.19,0.04,6.8,0.1,1.445624,9.353592513687893,0.14948816847157703,0.0008936502563477496,-4.848714179279825,0.5230843349122004,False
71,K2-329,5348.0,123.0,4.52,0.04,1.7,1.5,0.852983,21.787595447250702,0.2923066206528385,0.006730513460637838,-4.617543862678471,0.19164510654679126,True
72,K2-333,5730.0,72.0,4.26,0.03,2.3,0.3,1.243289,23.542749549372036,0.153988425294195,0.0016423836172200887,-4.940176846743328,0.3609417086162967,False
73,K2-34,5967.0,40.0,4.17,0.14,5.6,0.2,1.44246,11.302158998779706,0.15915389636458924,0.030399461887744544,-4.849548422468444,0.1842348371749655,False
74,K2-36,4962.0,112.0,4.58,0.05,2.3,0.4,0.716129,13.614406501253097,0.6642909762936045,0.005322827622631906,-4.347231933905637,0.04922055367745169,True
75,K2-39,4965.0,52.0,3.38,0.0,3.3,0.6,3.14849,53.89119161482864,0.1494317813053252,0.02253183672251153,-5.217278551159215,0.17269209855708798,True
76,K2-58,4884.0,150.0,4.52,0.11,1.6,0.7,0.891286,22.65646312253662,0.3113405630550028,0.022682087848274583,-4.77164090814456,0.15228149206562355,True
77,K2-99,5926.0,54.0,3.75,0.02,9.6,0.3,2.721896,12.210852815042765,0.1317457849587374,0.0007834369001554777,-5.04571726567909,0.38400561827964164,False
78,KELT-1,6596.0,90.0,4.24,0.03,52.8,1.3,1.509015,1.208696612476079,0.2068074419061174,0.003299567698584961,-4.541238928363633,0.16269118611585845,False
79,KELT-11,5307.0,35.0,3.68,0.0,2.4,0.7,2.8193,52.95424536211492,0.18896058105576322,0.0013556170122403512,-4.912787767156583,0.10131988660307563,True
80,KELT-18,6726.0,120.0,4.03,0.08,10.6,0.2,1.942739,7.971176099233281,0.23706611536643082,0.0028278370263916186,-4.4367239032272225,0.16395994686660514,False
81,KELT-4A,6316.0,104.0,4.05,0.09,6.5,0.2,1.683063,11.718246215524937,0.14673506095622652,0.0028426969588610297,-4.859808138556307,0.46222390310775824,False
82,KELT-7,6685.0,90.0,4.2,0.02,70.5,2.0,1.783032,0.9981725649337947,0.21663351279964563,0.0004888434533637701,-4.502260124549075,0.14374431970884669,False
83,Kepler-1514,6314.0,99.0,4.32,0.03,8.6,0.1,1.27958,6.500745818784495,0.16734720993651278,0.0015839641868563691,-4.738991734237446,0.3334796005311647,False
84,Kepler-1515,6352.0,36.0,4.13,0.01,10.6,0.1,1.583645,6.570575513064061,0.14844087581413062,0.0011086862609872206,-4.843787293400103,0.15130931538788708,False
85,Kepler-25,6248.0,114.0,4.24,0.04,9.5,0.1,1.351204,6.231514132052122,0.15623503115178689,0.0011372936945198498,-4.8099724183506805,0.46555562935215855,False
86,Kepler-91,4586.0,42.0,2.89,0.08,3.1,0.3,6.517,92.13257829348137,0.13139606945015542,0.0012649610998928544,-5.468426134199072,0.11508395220767977,
87,NGTS-2,6562.0,45.0,4.16,0.01,15.4,0.4,1.639815,4.524877933095608,0.16427518517994466,0.006115189124702985,-4.730248930012167,0.12808825064388094,False
88,PH2,5788.0,136.0,4.46,0.05,4.0,0.2,0.938524,10.30753626511846,0.19279454733508516,0.0026438988683027617,-4.741765212284088,0.44948055598960257,False
89,Qatar-8,5640.0,93.0,4.17,0.08,1.3,1.0,1.35392,44.990268846430716,0.1528694944868648,0.0024694454781288896,-4.972435965748557,0.46533643916120293,False
90,TIC257060897,5942.0,150.0,3.97,0.06,2.9,0.3,1.907718,28.743115706815555,0.1411865662960111,0.003820768210600876,-4.968429766607579,0.8972073743641716,False
91,TOI-1130,4468.0,142.0,4.6,0.06,3.2,0.4,0.66985,9.30048593380105,0.7813841261506292,0.005342038728311567,-4.499803252101302,0.03360958270606772,True
92,TOI-125,5442.0,136.0,4.5,0.05,1.3,0.4,0.856146,28.888739606540735,0.170864164070772,0.0004899778923602957,-4.941437879377952,0.5077140504797899,True
93,TOI-1333,6503.0,91.0,4.08,0.03,14.7,0.2,1.827731,5.413375915465761,0.1683397394972495,0.0010738092354866382,-4.712547783031292,0.2576933585311426,False
94,TOI-1601,6085.0,83.0,3.97,0.03,5.7,0.2,2.117505,16.16091241373757,0.14183844872755436,0.0019101910284334508,-4.932809822623553,0.46573040788117304,False
95,TOI-201,6332.0,93.0,4.3,0.03,9.0,0.2,1.339992,6.503399102943909,0.17048398574164175,0.0005247568424093423,-4.720630326952478,0.29755048390616234,False
96,TOI-216,5152.0,132.0,4.52,0.05,1.6,0.4,0.830948,22.713727725455342,0.3476910944033226,0.006293205494576921,-4.5969841777173475,0.14426066964284948,True
97,TOI-257,6224.0,104.0,4.04,0.03,9.4,0.3,1.926399,9.0198314236742,0.15470064762144803,0.0004210812019851423,-4.8229991007478805,0.4414358659225117,False
98,TOI-421,5466.0,130.0,4.49,0.05,1.6,0.3,0.875248,23.992404790069077,0.18358518633378296,0.0004966757773301611,-4.878494606871009,0.4328431699302096,True
99,TOI-431,4686.0,144.0,4.5,0.06,1.6,1.3,0.817795,22.256378645107283,0.43849928813320627,0.00137389152150271,-4.678708151779217,0.07861209952480556,True
100,TOI-451,5530.0,60.0,4.52,0.03,8.2,0.2,0.847792,4.559094666742183,0.4959446280121361,0.00389843606511562,-4.26175023057844,0.05216689440043937,True
101,TOI-561,5548.0,134.0,4.49,0.05,0.0,0.0,0.830349,inf,0.17804480747612195,0.0010595566131468854,-4.874742919987556,0.4873022984411681,True
102,TOI-628,6116.0,74.0,4.24,0.03,6.5,0.1,1.393289,9.417648977819152,0.21006496988114368,0.0022949622368017126,-4.597954482964034,0.1916372409666841,False
103,TOI-824,4716.0,136.0,4.59,0.06,2.4,0.4,0.691893,12.60225916775004,0.4452863260866078,0.007615429041894495,-4.657078166684149,0.07558796357620144,True
104,TOI-954,5842.0,95.0,4.03,0.03,4.0,0.2,1.853566,20.402347833657835,0.13254600289960752,0.0020478174254783587,-5.0587980881145045,0.6720229842715872,False
105,TrES-2,5754.0,86.0,4.37,0.04,1.6,0.6,1.063166,28.84627355102441,0.16469761407152392,0.0021351172192978253,-4.875232159837515,0.3778032756038827,False
106,V1298Tau,5100.0,27.0,4.18,0.01,24.8,0.6,1.2379,2.1573486399898685,1.2734739592414157,0.006602676380118279,-3.979783941124815,0.00801294088666115,True
107,WASP-101,6202.0,81.0,4.27,0.13,12.9,0.2,1.388292,4.655311182873096,0.20658700618548553,0.006198003791071526,-4.592824887765345,0.20379020474428824,False
108,WASP-105,5312.0,123.0,4.36,0.05,2.3,0.4,1.062677,20.11462646799151,0.1736495793193772,0.002083906421662625,-4.973446051517611,0.4124802648544236,
109,WASP-106,6259.0,3.0,4.22,0.11,6.9,0.2,1.39461,9.189687982349486,0.1421616677274803,0.009124537947061398,-4.899929773652614,0.016159495177229345,False
110,WASP-117,5950.0,80.0,4.26,0.13,1.2,0.5,1.267649,45.01705643975257,0.16339799247740533,0.005110553688401008,-4.830699308587722,0.34926494913383954,False
111,WASP-121,6509.0,36.0,4.26,0.01,14.7,0.4,1.487671,4.2765822657712045,0.18000905193459557,0.003512642501122184,-4.655601095652701,0.0890942322978618,True
112,WASP-124,6016.0,70.0,4.38,0.07,4.8,0.3,1.161755,10.27753712022042,0.1911258353371075,0.011026621584934334,-4.689216651042836,0.22358996377845627,False
113,WASP-127,5708.0,50.0,4.12,0.06,0.9,0.6,1.395304,66.06470850155776,0.14702308191258065,0.0032458578291914126,-4.988736783624143,0.2755648621416883,False
114,WASP-130,5633.0,18.0,4.41,0.14,2.8,0.3,1.014734,16.782361366753054,0.16787445869643564,0.014036492250409273,-4.894765316928343,0.07558967313181762,True
115,WASP-131,6115.0,59.0,4.08,0.13,3.9,0.2,1.598496,18.698537738553465,0.14368311516535603,0.006246809520404553,-4.913846437743607,0.3162788786691928,False
116,WASP-133,5700.0,72.0,4.16,0.07,2.2,0.6,1.483407,29.66016442121189,0.16107118512694707,0.010094987807852252,-4.909427769062726,0.32852374397804684,False
117,WASP-139,5013.0,106.0,4.46,0.15,1.4,0.5,0.900217,27.450775797329158,0.21488382896116898,0.022061289281230263,-4.938097808226432,0.20016101293240682,
118,WASP-14,6340.0,85.0,4.2,0.03,4.0,0.2,1.3765,14.98404035488055,0.15484515388528342,0.0010136593296199798,-4.804841047504568,0.3287505170037001,False
119,WASP-140,5302.0,90.0,4.56,0.09,4.7,0.2,0.856307,7.471898017050782,0.4292082063882058,0.014211574972720985,-4.42332092066282,0.08430198250964942,True
120,WASP-141,6122.0,102.0,4.33,0.07,5.0,0.3,1.298226,11.202927684813805,0.18431000632843755,0.008255088426422265,-4.6938688280395535,0.3292307722053374,False
121,WASP-142,5930.0,123.0,4.13,0.09,1.4,0.8,1.674715,50.03873658186058,0.16581168572690724,0.010302484395340816,-4.823082104380722,0.5245745741221212,False
122,WASP-147,5780.0,71.0,4.18,0.08,0.0,0.0,1.455916,inf,0.16791420522458356,0.006125824577799394,-4.851874932911242,0.30085273517287175,False
123,WASP-15,6375.0,60.0,4.22,0.11,5.3,0.2,1.418404,11.760005392969356,0.192709502865015,0.049064080194324344,-4.616538411273176,0.149249938188191,False
124,WASP-157,5764.0,81.0,4.42,0.09,3.2,0.3,1.094984,14.598139488456866,0.21927993250114647,0.04993398720410428,-4.657385261315417,0.2189011894223683,False
125,WASP-158,6148.0,100.0,4.16,0.08,9.9,0.2,1.59072,6.919685968311606,0.1986570884344389,0.007905655290296246,-4.631793397306746,0.2787141458869564,True
126,WASP-159,5800.0,106.0,3.92,0.09,6.1,0.3,2.160929,14.69378288829802,0.167400362020644,0.00510738940069597,-4.848905142218091,0.4517062733826126,False
127,WASP-16,5670.0,31.0,4.36,0.15,2.5,0.3,1.043461,19.403607308195532,0.16400001713691784,0.009474421057185631,-4.902969952207482,0.136019626193553,False
128,WASP-161,6407.0,54.0,4.18,0.02,18.4,0.5,1.639717,3.778847235040453,0.2011714168531678,0.006811880880698454,-4.580066444458324,0.11979387123432206,False
129,WASP-165,5586.0,74.0,4.03,0.08,1.6,0.7,1.71165,46.65885492956631,0.190374783924865,0.009127223236710834,-4.812200361217409,0.24281016144937703,False
130,WASP-167,7003.0,90.0,4.22,0.02,49.7,1.2,1.867015,1.4197575875590411,0.2292067507878262,0.0020276726133712565,-4.463411086184533,0.16848026817693446,False
131,WASP-168,5994.0,27.0,4.36,0.01,0.0,0.0,1.094516,inf,0.19598918723420583,0.006911124755635078,-4.6756319862454925,0.08337127967488321,True
132,WASP-17,6697.0,42.0,4.17,0.11,10.5,0.2,1.4886,6.543047410606383,0.1443283738860369,0.04461564597547161,-4.857608619622562,0.1540629314881035,False
133,WASP-174,6430.0,45.0,4.3,0.01,17.6,0.4,1.326896,3.294930698287078,0.14863548322868486,0.0013263647554256533,-4.834126886278852,0.1766024809488485,False
134,WASP-180A,6354.0,45.0,4.36,0.01,20.4,0.4,1.178353,2.549890260071271,0.2748640878810714,0.0024663076488508234,-4.37682776127779,0.06447295670112659,True
135,WASP-182,5626.0,54.0,4.26,0.17,3.1,0.2,1.2444,17.808008931000305,0.13303023447268916,0.001908061571355595,-5.110957107662815,0.3667980021332667,False
136,WASP-19,5579.0,24.0,4.39,0.15,5.5,0.2,0.969786,8.491539673115662,0.3432207912480757,0.13632636691820313,-4.4417916143969896,0.08234252146646119,True
137,WASP-190,6464.0,45.0,4.06,0.01,13.9,0.2,1.809396,5.700422674562568,0.16407877037342322,0.001649975191164982,-4.738398554418234,0.1386500344362023,False
138,WASP-20,5991.0,150.0,4.18,0.0,4.8,0.4,1.498273,13.533081236477994,0.18166307664249973,0.005361819388228278,-4.734106790091074,0.5291295258574779,False
139,WASP-22,6017.0,82.0,4.35,0.12,4.3,0.3,1.219887,12.349235394273485,0.20128301068544624,0.01539500573807439,-4.650642514479278,0.23973742088516545,False
140,WASP-23,4930.0,150.0,4.42,0.15,1.5,0.5,0.885211,26.253907675442946,0.277768224060422,0.0351206234349892,-4.8164379511666775,0.18578280041174858,True
141,WASP-24,6245.0,43.0,4.28,0.12,6.3,0.2,1.309393,9.234172268951058,0.15652375123944598,0.007069795184574039,-4.808764704663761,0.17536484211510248,False
142,WASP-25,5590.0,128.0,4.47,0.15,3.3,0.2,0.95478,12.441452416023184,0.23025046726436277,0.014642618645472423,-4.6790484299123944,0.3104066134801179,True
143,WASP-28,6012.0,28.0,4.36,0.14,3.4,0.5,1.083525,13.910814682307171,0.17566896065266685,0.08682996441033732,-4.755865565710786,0.11581704789374765,False
144,WASP-31,6363.0,40.0,4.32,0.11,8.1,0.2,1.217595,6.689526419690331,0.15539894456231226,0.05143047496295196,-4.798607969668949,0.15339599426719186,False
145,WASP-38,6334.0,16.0,4.2,0.11,8.4,0.2,1.405833,7.747515263963216,0.15755544687252976,0.0076937905415006514,-4.789597418085902,0.060096119389121516,False
146,WASP-41,5458.0,36.0,4.49,0.15,3.4,0.2,0.892209,11.584862682065097,0.33482977551192517,0.017726233274935593,-4.498666225667183,0.05067079132502513,True
147,WASP-6,5142.0,116.0,4.44,0.16,2.5,0.3,0.889242,15.060527117282527,0.3751298158772691,0.15084321759398264,-4.559869908496097,0.1654254532524,True
148,WASP-60,6064.0,77.0,4.21,0.03,4.6,0.2,1.448348,13.761188520400012,0.15104233900899916,0.002195515241505054,-4.8755770481884975,0.3788175260546861,False
149,WASP-68,5913.0,23.0,4.09,0.11,2.3,0.4,1.61733,32.41604826201141,0.1240507902842476,0.007610670549365932,-5.119372158411176,0.19306491333832806,False
150,WASP-69,4693.0,150.0,4.46,0.15,3.2,0.3,0.898759,12.02119610412529,0.42499085214616206,0.023080510047713453,-4.691491050559882,0.09000757608038251,True
151,WASP-81,5661.0,38.0,4.14,0.15,0.2,1.2,1.26315,279.30918857962695,0.19368461561235398,0.023981535161160538,-4.775991511398543,0.12435299790170742,False
152,WASP-84,5146.0,150.0,4.53,0.11,3.8,0.2,0.888906,9.411402895076668,0.4566877948855791,0.02662815675305043,-4.454654235432261,0.11858356261853002,True
153,WASP-85A,5564.0,52.0,4.26,0.07,4.0,0.4,1.135493,12.730066369344893,0.28388335206319604,0.029376568176857708,-4.5568258334140745,0.09419001494681428,True
154,WASP-89,4849.0,150.0,4.39,0.11,3.0,0.3,0.955594,13.710152890139277,0.5123941832320315,0.056826379539536356,-4.525690303765101,0.09791343137100675,
155,Wolf503,4690.0,150.0,4.56,0.11,2.8,0.5,0.666388,10.782729417494217,0.3517438826701536,0.008331565888559692,-4.791726064365303,0.10759034688468289,True
156,XO-3,6976.0,194.0,4.25,0.05,19.6,0.3,1.477154,3.2885298128564773,0.2266978253551492,0.0009402639112322023,-4.470084691939577,0.35086121794439484,
157,XO-5,5410.0,83.0,4.32,0.09,2.5,0.3,1.110518,19.489262651577643,0.152662753651692,0.003693664913762165,-5.044620838213809,0.3767575571916264,False
