BJD_TDB,Flux,Err,Airmass,DX(pix),DY(pix),FWHM(pix),Peak(ADU)
2460356.522108,1.00469,0.00234,1.1441,0.83,-0.88,8.34,12970
2460356.522213,1.00063,0.00234,1.1445,0.33,-0.42,6.97,14963
2460356.522318,0.99999,0.00232,1.1448,0.23,-0.33,6.09,17326
2460356.522423,1.00263,0.00233,1.1452,-2.72,0.10,5.71,20597
2460356.522528,1.00325,0.00234,1.1456,-2.96,-0.38,7.14,15962
2460356.522634,0.99863,0.00233,1.1459,-4.08,0.09,6.68,18191
2460356.522739,1.00467,0.00233,1.1463,-4.43,-0.46,6.91,18598
2460356.522844,0.99967,0.00233,1.1467,-4.45,-0.09,6.79,19144
2460356.522949,1.00354,0.00233,1.1470,-4.97,0.30,6.75,17938
2460356.523055,1.00134,0.00233,1.1474,-5.89,-0.16,7.18,17341
2460356.523160,1.00241,0.00234,1.1478,-3.26,0.16,8.06,13320
2460356.523265,1.00049,0.00232,1.1482,-1.89,0.75,6.95,19141
2460356.523371,1.00110,0.00233,1.1485,-1.98,0.38,7.38,16267
2460356.523476,1.00007,0.00233,1.1489,-1.55,0.65,6.19,19405
2460356.523581,0.99828,0.00232,1.1493,0.22,0.18,6.40,23228
2460356.523686,1.00322,0.00234,1.1496,1.25,0.41,7.14,15710
2460356.523791,1.00127,0.00234,1.1500,2.38,0.30,7.61,14442
2460356.523896,1.00423,0.00233,1.1504,3.06,0.35,6.62,18847
2460356.524001,1.00417,0.00234,1.1508,4.09,0.47,6.91,16816
2460356.524106,1.00524,0.00233,1.1511,5.47,1.17,5.49,21873
2460356.524212,1.00329,0.00233,1.1515,5.46,0.93,5.96,20769
2460356.524317,0.99729,0.00232,1.1519,4.08,0.95,6.37,18335
2460356.524422,1.00303,0.00235,1.1523,-0.37,1.09,8.22,13275
2460356.524527,1.00301,0.00234,1.1527,-4.30,1.15,6.79,14868
2460356.524632,1.00307,0.00233,1.1530,-6.10,0.99,6.64,18591
2460356.524737,0.99841,0.00233,1.1535,-6.74,1.22,7.36,15822
2460356.524843,1.00261,0.00234,1.1538,-6.87,1.19,8.12,15114
2460356.524948,0.99985,0.00233,1.1542,-7.09,1.17,6.82,15843
2460356.525053,1.00449,0.00235,1.1546,-3.54,1.06,9.63,12053
2460356.525159,1.00565,0.00234,1.1550,-1.95,0.57,6.43,18813
2460356.525264,0.99743,0.00233,1.1553,-2.40,0.93,6.83,17233
2460356.525369,1.00249,0.00234,1.1557,-2.40,1.13,7.74,14325
2460356.525474,0.99906,0.00233,1.1561,-0.94,1.52,6.08,17946
2460356.525579,0.99704,0.00232,1.1565,0.76,1.17,6.42,20263
2460356.525684,1.00239,0.00234,1.1569,1.67,0.45,8.37,13136
2460356.525789,1.00200,0.00233,1.1573,2.60,-0.08,7.10,16418
2460356.525895,1.00409,0.00234,1.1577,4.17,0.40,7.14,16127
2460356.526000,1.00685,0.00235,1.1580,5.14,0.08,8.09,14077
2460356.526105,1.00531,0.00234,1.1584,5.80,0.46,6.57,19743
2460356.526210,0.99923,0.00234,1.1588,3.94,0.05,6.86,17387
2460356.526316,1.00368,0.00235,1.1592,-0.51,0.60,9.43,10607
2460356.526421,1.00174,0.00233,1.1596,-3.84,0.44,6.38,17468
2460356.526526,1.00106,0.00233,1.1600,-6.52,0.71,6.84,17455
2460356.526631,0.99786,0.00233,1.1604,-6.45,0.81,7.08,17494
2460356.526736,1.00152,0.00234,1.1608,-6.17,1.34,6.36,18685
2460356.526841,1.00543,0.00235,1.1612,-5.04,1.04,7.01,17400
2460356.526946,1.00364,0.00235,1.1616,-1.36,0.20,7.45,12536
2460356.527052,1.00082,0.00233,1.1620,0.55,-0.51,6.52,17905
2460356.527157,1.00246,0.00233,1.1624,1.00,-0.21,6.21,20496
2460356.527262,1.00520,0.00235,1.1628,1.78,0.20,6.96,17351
2460356.527367,1.00554,0.00235,1.1631,2.68,0.28,7.04,17661
2460356.527472,1.00072,0.00233,1.1635,4.56,-0.06,6.61,17619
2460356.527577,1.00391,0.00234,1.1639,3.10,0.52,7.63,13578
2460356.527683,1.00386,0.00235,1.1643,2.62,0.39,7.12,15736
2460356.527788,0.99809,0.00233,1.1647,2.83,0.23,7.29,15074
2460356.527893,0.99742,0.00233,1.1651,3.58,0.36,6.65,15989
2460356.527998,0.99869,0.00233,1.1655,3.92,0.12,6.62,19453
2460356.528104,1.00277,0.00234,1.1659,2.99,0.41,6.54,17365
2460356.528209,1.00299,0.00235,1.1664,-1.29,0.76,7.60,11879
2460356.528315,1.00184,0.00234,1.1668,-4.56,0.77,6.44,18567
2460356.528420,0.99981,0.00234,1.1672,-7.50,1.18,6.63,17334
2460356.528525,1.00159,0.00234,1.1676,-9.38,1.22,6.31,18999
2460356.528631,1.00072,0.00234,1.1680,-9.66,0.96,6.45,19019
2460356.528736,0.99879,0.00233,1.1684,-9.47,0.92,7.26,17059
2460356.528946,0.99919,0.00233,1.1692,0.09,-0.35,6.25,19793
2460356.529052,0.99815,0.00233,1.1696,1.02,-0.18,6.63,18691
2460356.529157,0.99899,0.00233,1.1700,1.53,-0.35,6.61,19718
2460356.529262,1.00051,0.00234,1.1704,2.42,-0.35,6.90,19303
2460356.529367,1.00168,0.00234,1.1708,3.21,0.05,7.35,15646
2460356.529472,1.00446,0.00234,1.1712,3.23,0.53,7.29,16046
2460356.529577,1.00512,0.00235,1.1716,3.36,0.58,6.15,20297
2460356.529682,0.99974,0.00234,1.1720,3.97,0.44,6.26,21017
2460356.529787,1.00383,0.00234,1.1725,4.11,0.41,6.12,21386
2460356.529892,1.00261,0.00234,1.1729,4.82,0.41,6.62,18496
2460356.529997,1.00521,0.00235,1.1733,4.49,0.02,5.95,18968
2460356.530102,1.00026,0.00235,1.1737,0.70,0.82,8.35,14947
2460356.530207,1.00249,0.00234,1.1741,-3.51,1.05,6.75,16905
2460356.530312,0.99990,0.00233,1.1745,-5.54,0.89,6.19,18325
2460356.530418,1.00242,0.00234,1.1749,-7.92,1.09,7.21,17226
2460356.530523,1.00038,0.00234,1.1754,-8.29,0.94,6.72,18282
2460356.530628,1.00340,0.00235,1.1758,-7.84,0.88,7.15,17524
2460356.530733,1.00126,0.00235,1.1762,-2.64,0.68,11.19,11250
2460356.530838,1.00528,0.00235,1.1766,0.09,-0.04,6.88,20925
2460356.530944,1.00177,0.00234,1.1770,-0.40,-0.05,6.96,18480
2460356.531049,1.00151,0.00234,1.1774,-0.32,0.04,6.86,18072
2460356.531154,1.00082,0.00234,1.1779,0.52,0.57,6.94,16753
2460356.531259,1.00059,0.00235,1.1783,0.91,0.80,6.45,16846
2460356.531364,1.00278,0.00234,1.1787,1.85,-0.39,7.09,16557
2460356.531469,1.00657,0.00235,1.1791,2.96,-1.09,6.59,20190
2460356.531574,1.00175,0.00235,1.1796,3.12,-0.47,6.54,15028
2460356.531680,0.99888,0.00234,1.1800,3.55,-0.72,6.62,16827
2460356.531785,1.00311,0.00235,1.1804,3.96,-0.01,6.68,21658
2460356.531890,1.00117,0.00234,1.1808,4.29,-0.42,7.02,18430
2460356.531995,1.00247,0.00235,1.1813,1.50,-0.13,8.43,12475
2460356.532100,1.00462,0.00235,1.1817,-1.82,0.07,6.34,19065
2460356.532205,0.99671,0.00233,1.1821,-4.66,0.02,6.22,19785
2460356.532311,1.00064,0.00234,1.1825,-6.92,0.05,6.85,17848
2460356.532416,1.00111,0.00235,1.1830,-8.53,0.51,6.55,18244
2460356.532521,1.00247,0.00235,1.1834,-8.42,0.66,6.51,19884
2460356.532626,1.00479,0.00236,1.1838,-2.64,0.14,9.38,13341
2460356.532732,1.00466,0.00235,1.1843,0.41,-0.50,5.88,21259
2460356.532836,0.99632,0.00234,1.1847,-0.32,-0.17,6.30,17789
2460356.532942,1.00239,0.00235,1.1851,0.51,-0.29,7.09,17393
2460356.533047,1.00245,0.00234,1.1856,1.01,0.16,6.46,19758
2460356.533152,0.99836,0.00234,1.1860,1.90,0.17,6.52,20858
2460356.533257,1.00143,0.00234,1.1864,1.77,0.31,6.68,21571
2460356.533362,1.00694,0.00236,1.1869,3.44,0.11,6.78,15680
2460356.533467,1.00529,0.00237,1.1873,3.83,0.30,7.49,15160
2460356.533572,1.00671,0.00236,1.1877,4.39,0.64,6.61,16587
2460356.533678,1.00082,0.00235,1.1882,4.47,0.36,6.40,18292
2460356.533783,1.00407,0.00235,1.1886,4.84,0.85,6.24,19553
2460356.533888,0.99620,0.00235,1.1890,2.94,-0.32,8.29,12205
2460356.533994,0.99886,0.00235,1.1895,-0.11,-0.55,6.62,18442
2460356.534099,0.99985,0.00235,1.1899,-2.43,-0.47,6.52,17031
2460356.534204,1.00317,0.00236,1.1904,-5.41,-0.17,6.67,15257
2460356.534309,1.00524,0.00237,1.1908,-7.64,-0.23,7.53,14215
2460356.534413,0.99986,0.00235,1.1912,-8.32,-0.00,6.64,19265
2460356.534624,1.00434,0.00236,1.1921,0.68,-0.04,6.85,17023
2460356.534729,1.00232,0.00235,1.1925,2.08,-0.10,6.47,20818
2460356.534834,1.00261,0.00235,1.1930,1.69,-0.18,6.80,17966
2460356.534940,1.00099,0.00237,1.1935,1.50,0.22,7.38,15547
2460356.535045,1.00268,0.00236,1.1939,1.79,0.30,8.48,13488
2460356.535150,1.00217,0.00236,1.1944,1.06,0.65,6.98,16754
2460356.535255,1.00155,0.00235,1.1948,1.47,0.98,6.63,19313
2460356.535360,1.00654,0.00236,1.1953,2.03,0.45,6.13,19965
2460356.535466,1.00491,0.00235,1.1957,3.00,0.91,5.78,21992
2460356.535571,1.00135,0.00235,1.1962,3.02,1.05,6.67,19845
2460356.535676,1.00222,0.00235,1.1966,3.71,0.94,7.42,18056
2460356.535781,1.00088,0.00236,1.1971,1.87,0.62,7.26,14174
2460356.535887,1.00502,0.00237,1.1975,0.98,-0.78,6.44,18512
2460356.535992,1.00666,0.00237,1.1980,0.02,-0.23,7.12,15727
2460356.536097,0.99972,0.00235,1.1984,-1.76,-0.05,6.19,18438
2460356.536202,1.00264,0.00236,1.1988,-2.93,-0.02,6.63,18194
2460356.536306,1.00045,0.00236,1.1993,-4.77,0.67,6.69,18686
2460356.536412,1.00216,0.00236,1.1998,-1.53,0.13,7.59,13973
2460356.536517,1.00034,0.00236,1.2002,0.89,-0.39,7.44,17396
2460356.536622,1.00154,0.00236,1.2006,2.43,-0.44,6.77,18722
2460356.536727,1.00496,0.00236,1.2012,3.02,-0.47,6.44,20168
2460356.536832,1.00151,0.00236,1.2016,3.28,-0.16,6.90,17659
2460356.536937,0.99965,0.00235,1.2021,3.10,0.02,7.08,19672
2460356.537042,1.00153,0.00236,1.2025,1.17,-0.07,7.40,15488
2460356.537147,1.00126,0.00235,1.2029,0.39,-0.08,6.36,21098
2460356.537253,1.00274,0.00236,1.2034,1.25,0.12,7.25,17338
2460356.537358,1.00386,0.00236,1.2039,2.00,0.40,6.44,18361
2460356.537463,1.00005,0.00236,1.2044,2.45,0.90,6.37,19976
2460356.537568,1.00235,0.00236,1.2048,2.16,0.57,6.11,19106
2460356.537673,1.00418,0.00236,1.2053,0.87,-0.22,6.67,17781
2460356.537779,1.00088,0.00235,1.2057,1.30,-0.75,7.18,18385
2460356.537884,0.99892,0.00236,1.2062,0.20,-0.09,6.53,18402
2460356.537989,0.99750,0.00236,1.2067,-0.91,0.01,7.50,16509
2460356.538094,1.00123,0.00236,1.2071,-2.76,0.27,6.27,19886
2460356.538199,0.99685,0.00236,1.2076,-4.58,0.43,5.70,19578
2460356.538304,0.99765,0.00236,1.2081,-2.85,0.38,8.47,11401
2460356.538409,1.00078,0.00236,1.2086,-0.81,0.43,6.49,20439
2460356.538514,1.00423,0.00236,1.2090,0.78,0.61,6.95,18101
2460356.538619,1.00182,0.00236,1.2095,1.19,0.72,6.10,21069
2460356.538724,1.00226,0.00237,1.2099,1.16,0.71,6.47,18723
2460356.538829,1.00067,0.00237,1.2105,1.12,0.68,7.13,14019
2460356.538934,1.00277,0.00237,1.2109,0.17,0.21,7.19,15993
2460356.539039,0.99860,0.00236,1.2113,-0.28,-0.11,5.88,21742
2460356.539145,1.00287,0.00236,1.2118,-0.18,-0.36,7.08,18580
2460356.539250,1.00287,0.00236,1.2124,0.28,0.08,6.21,22462
2460356.539355,1.00075,0.00236,1.2128,0.62,0.53,6.61,18879
2460356.539460,0.99985,0.00235,1.2133,1.27,0.28,6.28,19912
2460356.539566,1.00227,0.00236,1.2137,0.65,0.33,6.45,18896
2460356.539671,1.00206,0.00237,1.2142,0.49,0.51,6.14,23148
2460356.539776,0.99939,0.00236,1.2147,1.38,0.66,6.22,20408
2460356.539881,1.00406,0.00237,1.2152,0.93,0.60,6.55,16541
2460356.539986,0.99921,0.00236,1.2157,-0.71,0.77,6.40,19352
2460356.540092,0.99964,0.00236,1.2161,-2.40,1.07,6.25,19530
2460356.540197,1.00125,0.00236,1.2167,-2.14,0.16,6.12,18179
2460356.540302,1.00085,0.00237,1.2172,-1.64,-0.28,6.35,19429
2460356.540407,1.00176,0.00238,1.2176,-1.25,-0.92,7.87,13948
2460356.540512,1.00451,0.00238,1.2181,-0.26,-0.35,6.37,20253
2460356.540617,1.00265,0.00237,1.2186,-0.87,-0.05,6.02,21448
2460356.540722,0.99998,0.00236,1.2191,-1.35,-0.24,6.62,19291
2460356.540828,0.99889,0.00237,1.2196,-1.84,0.40,6.45,19853
2460356.540933,0.99884,0.00237,1.2201,-2.08,0.75,7.16,16226
2460356.541038,0.99582,0.00236,1.2205,-2.39,0.68,6.78,17857
2460356.541143,1.00219,0.00237,1.2210,-2.15,0.96,7.70,14704
2460356.541248,0.99762,0.00236,1.2215,-1.76,0.74,6.21,18257
2460356.541353,1.00262,0.00237,1.2220,-1.91,1.01,6.26,20243
2460356.541458,0.99861,0.00237,1.2225,-0.61,-0.23,7.05,14919
2460356.541563,0.99704,0.00236,1.2230,0.52,-0.38,6.10,19256
2460356.541669,1.00576,0.00239,1.2235,1.27,-0.95,6.43,18132
2460356.541774,0.99748,0.00237,1.2240,1.27,-0.63,7.25,16324
2460356.541879,0.99890,0.00237,1.2244,0.30,-0.47,6.72,16426
2460356.541984,1.00407,0.00238,1.2249,-0.46,-0.16,6.46,17173
2460356.542089,1.00342,0.00238,1.2254,-1.47,0.23,6.36,18947
2460356.542195,1.00039,0.00237,1.2260,-1.75,0.25,6.52,18158
2460356.542300,0.99533,0.00236,1.2265,-0.50,-0.14,6.97,18314
2460356.542405,1.00248,0.00237,1.2269,0.70,0.47,6.24,19193
2460356.542510,1.00309,0.00237,1.2274,0.77,0.89,6.39,23052
2460356.542615,1.00288,0.00237,1.2280,-0.20,1.12,6.49,21361
2460356.542721,1.00149,0.00237,1.2285,-0.82,0.10,6.76,17188
2460356.542826,1.00237,0.00237,1.2290,-1.62,-0.38,6.54,19555
2460356.542931,1.00161,0.00238,1.2294,-2.40,-0.64,7.22,15439
2460356.543036,0.99806,0.00237,1.2299,-2.55,0.07,7.05,15700
2460356.543141,1.00236,0.00238,1.2304,-1.33,0.33,6.73,16213
2460356.543246,1.00715,0.00238,1.2310,-0.91,0.09,7.04,18082
2460356.543351,0.99806,0.00237,1.2314,0.05,0.52,6.70,18085
2460356.543457,1.00501,0.00238,1.2319,0.39,0.36,6.26,19570
2460356.543562,1.00114,0.00237,1.2325,1.46,0.71,7.25,17327
2460356.543667,0.99900,0.00237,1.2330,2.45,1.02,6.47,17342
2460356.543772,0.99828,0.00237,1.2335,2.45,0.49,6.41,19329
2460356.543877,0.99895,0.00237,1.2340,1.42,0.77,6.97,18538
2460356.543982,1.00356,0.00238,1.2345,-0.39,0.30,5.98,20941
2460356.544087,1.00225,0.00238,1.2350,-2.09,0.36,6.53,17295
2460356.544192,1.00222,0.00238,1.2356,-1.26,0.36,6.10,19426
2460356.544297,0.99846,0.00237,1.2360,0.18,0.26,5.86,19449
2460356.544402,1.00318,0.00238,1.2365,0.90,0.04,6.48,19204
2460356.544507,1.00198,0.00238,1.2371,0.90,0.46,6.70,18145
2460356.544612,1.00203,0.00238,1.2376,-0.45,-0.54,6.14,19529
2460356.544717,1.00036,0.00237,1.2381,-1.19,-0.02,5.33,23636
2460356.544822,0.99573,0.00237,1.2386,-1.51,-0.08,6.16,21542
2460356.544927,1.00272,0.00238,1.2391,-1.71,0.16,6.72,20007
2460356.545033,1.00059,0.00238,1.2396,-0.63,0.08,7.56,16131
2460356.545138,1.00214,0.00238,1.2402,0.34,0.23,6.02,20862
2460356.545243,1.00382,0.00239,1.2407,0.10,0.09,6.21,19222
2460356.545348,1.00363,0.00238,1.2412,0.60,0.26,5.30,24272
2460356.545454,1.00314,0.00238,1.2417,1.22,0.58,6.23,19883
2460356.545559,1.00183,0.00239,1.2422,1.99,0.71,7.38,16052
2460356.545664,1.00481,0.00238,1.2428,3.58,0.74,6.08,21276
2460356.545769,1.00503,0.00239,1.2433,3.82,1.26,6.44,18221
2460356.545875,0.99961,0.00238,1.2438,0.49,-0.30,8.56,13901
2460356.545980,1.00412,0.00238,1.2444,-2.23,-0.26,6.14,20518
2460356.546085,0.99923,0.00237,1.2449,-3.36,0.45,5.95,20909
2460356.546191,1.00189,0.00238,1.2455,-2.70,0.20,6.20,20094
2460356.546296,0.99692,0.00238,1.2460,-1.30,0.64,6.37,19585
2460356.546401,0.99601,0.00237,1.2465,-0.34,0.37,5.71,23778
2460356.546506,1.00332,0.00239,1.2470,-0.47,-0.15,6.70,20115
2460356.546611,1.00103,0.00239,1.2475,-1.78,-0.08,6.58,17626
2460356.546716,0.99873,0.00238,1.2481,-2.47,0.12,5.85,19335
2460356.546821,0.99875,0.00238,1.2486,-3.33,-0.06,6.47,17369
2460356.546927,0.99842,0.00238,1.2491,-3.71,0.12,6.30,19100
2460356.547032,1.00140,0.00238,1.2497,-3.52,0.66,6.23,19609
2460356.547137,1.00144,0.00239,1.2502,-0.68,-0.30,7.20,14756
2460356.547242,1.00094,0.00238,1.2507,0.30,-0.92,6.07,23675
2460356.547347,1.00130,0.00238,1.2513,0.37,-0.67,5.91,22535
2460356.547452,1.00557,0.00239,1.2518,1.13,-0.60,6.80,19110
2460356.547557,0.99680,0.00238,1.2523,2.09,-0.65,5.62,21350
2460356.547662,0.99772,0.00238,1.2529,2.33,-0.13,6.28,19079
2460356.547767,0.99979,0.00239,1.2534,0.36,0.08,6.92,15132
2460356.547872,0.99922,0.00238,1.2540,-1.54,0.14,6.74,16692
2460356.547978,1.00517,0.00239,1.2545,-3.16,0.06,6.25,21249
2460356.548083,0.99743,0.00238,1.2550,-3.46,0.40,6.69,18097
2460356.548188,1.00169,0.00239,1.2556,-2.61,0.52,6.11,18423
2460356.548293,1.00428,0.00239,1.2561,-1.26,0.95,6.53,22829
2460356.548397,0.99844,0.00238,1.2567,-0.26,-0.09,6.67,16788
2460356.548503,1.00149,0.00239,1.2572,-0.72,-0.51,5.79,23683
2460356.548608,0.99891,0.00238,1.2578,-0.81,0.26,5.74,22957
2460356.548713,0.99968,0.00239,1.2583,-1.63,-0.34,6.66,17376
2460356.548818,0.99777,0.00238,1.2589,-1.47,0.17,5.82,21813
2460356.548923,1.00121,0.00239,1.2594,-1.39,0.30,5.73,21816
2460356.549029,0.99954,0.00238,1.2600,-0.22,0.22,5.44,18826
2460356.549133,0.99874,0.00238,1.2605,1.08,-0.30,6.20,22539
2460356.549238,1.00495,0.00239,1.2611,1.13,-0.45,6.67,21055
2460356.549343,1.00134,0.00239,1.2616,1.24,-0.12,5.23,24957
2460356.549448,1.01561,0.00241,1.2622,2.00,0.08,6.09,18908
2460356.549553,1.00518,0.00240,1.2627,2.27,-0.29,6.49,17112
2460356.549659,1.00121,0.00239,1.2633,0.70,0.46,6.72,16179
2460356.549764,0.99899,0.00239,1.2639,-1.16,0.55,5.57,20957
2460356.549870,1.00300,0.00239,1.2644,-2.33,0.75,6.12,21819
2460356.549975,1.00028,0.00239,1.2650,-3.59,0.72,6.55,18967
2460356.550080,1.00392,0.00240,1.2655,-3.42,1.02,5.53,21542
2460356.550185,0.99939,0.00239,1.2661,-2.77,1.38,5.85,21155
2460356.550291,0.99825,0.00239,1.2667,-0.21,0.04,6.07,17239
2460356.550396,1.00158,0.00239,1.2672,-0.60,-0.47,6.05,19676
2460356.550501,1.00121,0.00240,1.2678,-0.99,-0.02,5.74,19455
2460356.550606,0.99592,0.00239,1.2683,-1.47,-0.27,5.98,21131
2460356.550711,0.99844,0.00239,1.2689,-2.32,0.05,5.63,20519
2460356.550817,1.00587,0.00241,1.2695,-2.48,0.24,5.83,19801
2460356.550922,0.99923,0.00238,1.2700,-0.13,-0.20,5.92,17217
2460356.551027,1.00276,0.00240,1.2706,0.54,-0.58,6.02,20652
2460356.551132,1.00067,0.00239,1.2712,0.59,0.34,6.21,20051
2460356.551237,1.02436,0.00243,1.2718,0.71,-0.14,5.63,21609
2460356.551342,1.00131,0.00239,1.2723,1.66,0.43,5.31,21846
2460356.551447,1.00399,0.00240,1.2729,2.14,0.02,5.66,21375
2460356.551552,1.00519,0.00240,1.2735,1.64,-0.20,6.81,17637
2460356.551657,1.00433,0.00240,1.2740,-0.18,-0.43,5.66,20724
2460356.551762,1.00117,0.00239,1.2746,-2.74,-0.51,5.70,21766
2460356.551867,1.00388,0.00240,1.2752,-3.98,0.08,5.98,24055
2460356.551973,1.00063,0.00239,1.2758,-4.99,-0.14,5.94,24097
2460356.552078,1.00216,0.00239,1.2763,-4.57,0.50,5.62,22669
2460356.552183,1.00344,0.00241,1.2769,-1.25,-0.27,6.61,14987
2460356.552288,1.00001,0.00239,1.2775,0.20,-0.38,5.32,25937
2460356.552393,1.00466,0.00241,1.2781,0.17,-0.35,5.84,21246
2460356.552498,1.00332,0.00240,1.2787,-0.46,-0.28,5.58,26133
2460356.552603,0.99911,0.00240,1.2792,-0.82,0.25,5.42,22743
2460356.552708,0.99635,0.00239,1.2798,-0.61,0.56,5.78,24766
2460356.552814,1.00248,0.00240,1.2804,0.27,-0.52,5.96,19069
2460356.552919,1.00333,0.00240,1.2810,1.47,-1.10,5.24,23531
2460356.553024,1.00284,0.00240,1.2816,1.93,-0.90,5.22,25862
2460356.553129,1.00048,0.00240,1.2822,2.02,-0.67,5.78,22719
2460356.553234,1.00375,0.00240,1.2827,2.46,-0.64,6.17,20037
2460356.553340,1.00203,0.00240,1.2833,2.34,-0.26,4.82,24326
2460356.553444,1.00305,0.00241,1.2839,1.98,-0.14,6.02,17912
2460356.553550,1.00010,0.00240,1.2845,0.84,0.38,5.54,20847
2460356.553655,1.00143,0.00240,1.2851,-0.72,0.56,5.71,21273
2460356.553760,0.99646,0.00239,1.2857,-1.85,0.62,5.94,21861
2460356.553866,1.00293,0.00240,1.2863,-3.99,0.76,5.86,21029
2460356.553971,1.00453,0.00241,1.2869,-3.75,0.54,4.95,25562
2460356.554076,1.00169,0.00241,1.2875,-0.83,0.00,6.09,16076
2460356.554181,1.00693,0.00241,1.2881,1.10,-0.70,5.46,21902
2460356.554286,1.00452,0.00241,1.2887,1.33,-0.34,5.48,24357
2460356.554391,0.99946,0.00240,1.2893,1.60,-0.08,5.29,25495
2460356.554496,1.00335,0.00241,1.2899,1.38,-0.15,5.34,25810
2460356.554601,1.00088,0.00240,1.2905,1.84,0.41,4.96,25629
2460356.554706,1.00076,0.00240,1.2911,1.10,-0.43,5.80,20350
2460356.554811,1.00052,0.00240,1.2917,1.04,-1.07,6.14,23635
2460356.554916,1.00266,0.00241,1.2923,2.00,-0.99,5.64,24159
2460356.555022,0.99876,0.00240,1.2929,2.98,-0.55,5.83,22286
2460356.555127,1.00450,0.00241,1.2935,3.60,-0.67,6.15,23153
2460356.555232,1.00016,0.00240,1.2941,3.56,-0.03,5.58,23206
2460356.555337,1.00741,0.00242,1.2947,2.13,-0.00,6.60,17091
2460356.555442,1.00067,0.00241,1.2953,1.00,0.20,5.88,21022
2460356.555548,1.00095,0.00241,1.2959,-0.09,0.56,5.88,18730
2460356.555653,0.99612,0.00240,1.2965,-2.02,0.51,5.66,20412
2460356.555757,0.99871,0.00240,1.2971,-3.53,0.55,5.53,25002
2460356.555863,1.00079,0.00241,1.2977,-5.16,0.94,5.49,23278
2460356.555968,0.99830,0.00241,1.2983,-2.19,-0.41,7.10,15634
2460356.556072,1.00031,0.00241,1.2989,0.43,-0.37,5.46,24802
2460356.556177,1.00589,0.00241,1.2995,1.83,-0.40,5.13,24388
2460356.556283,1.00345,0.00242,1.3002,1.39,0.07,5.61,21769
2460356.556388,1.00055,0.00241,1.3008,0.66,0.52,5.16,22679
2460356.556493,1.00557,0.00242,1.3014,1.00,0.96,5.80,21151
2460356.556598,1.00459,0.00242,1.3020,0.32,-0.47,5.66,20983
2460356.556704,0.99744,0.00240,1.3026,0.66,-0.68,5.30,23302
2460356.556809,1.00487,0.00242,1.3033,1.35,-0.86,5.47,22884
2460356.556914,0.99815,0.00241,1.3039,2.06,-0.89,5.49,22793
2460356.557019,1.00187,0.00241,1.3045,2.62,-0.53,5.83,23551
2460356.557125,1.00030,0.00241,1.3051,2.87,-0.84,5.42,21570
2460356.557230,1.00117,0.00242,1.3058,1.64,-0.41,5.96,18773
2460356.557335,1.00122,0.00241,1.3064,1.18,-0.22,5.48,23365
2460356.557440,0.99932,0.00241,1.3070,0.81,0.33,5.37,25692
2460356.557545,0.99840,0.00241,1.3076,-0.15,0.52,5.40,21583
2460356.557650,0.99821,0.00241,1.3083,-2.18,0.77,5.74,18088
2460356.557755,0.99790,0.00241,1.3089,-3.75,0.64,5.59,21501
2460356.557860,1.00079,0.00242,1.3095,-2.88,0.01,6.11,16375
2460356.557965,0.99986,0.00242,1.3101,-0.93,-0.44,5.56,23247
2460356.558070,0.99806,0.00241,1.3108,0.67,-0.11,5.76,26403
2460356.558175,0.99978,0.00242,1.3114,0.92,-0.05,5.03,25518
2460356.558280,1.00425,0.00242,1.3120,1.03,-0.10,5.74,22242
2460356.558386,1.00200,0.00243,1.3127,1.01,0.69,5.67,19616
2460356.558491,1.00066,0.00242,1.3133,0.42,-0.14,5.54,22374
2460356.558596,1.00474,0.00243,1.3139,0.29,-0.81,5.65,22555
2460356.558701,0.99861,0.00242,1.3146,0.93,-0.54,5.58,23180
2460356.558806,1.00124,0.00243,1.3152,1.72,-0.43,5.54,21446
2460356.558911,1.00016,0.00242,1.3159,2.28,-0.21,5.79,20885
2460356.559016,1.00124,0.00242,1.3164,1.98,0.21,5.36,24843
2460356.559122,0.99782,0.00242,1.3172,0.93,-0.39,6.40,18686
2460356.559227,1.00322,0.00244,1.3178,0.12,-0.54,6.00,18454
2460356.559332,1.00327,0.00243,1.3184,0.70,-0.31,5.65,20799
2460356.559437,1.00287,0.00243,1.3191,0.26,-0.14,5.38,22550
2460356.559542,1.00106,0.00243,1.3197,-1.22,0.10,5.54,22536
2460356.559647,1.00020,0.00243,1.3203,-3.14,-0.04,5.21,21842
2460356.559752,1.00104,0.00243,1.3210,-2.64,-0.15,6.02,19910
2460356.559857,1.00061,0.00242,1.3217,-1.78,-0.06,5.72,21591
2460356.559963,0.99960,0.00242,1.3223,-0.99,-0.10,5.58,23062
2460356.560068,1.00161,0.00243,1.3230,-0.54,0.18,5.27,21710
2460356.560173,0.99754,0.00242,1.3236,-0.35,0.42,5.10,24927
2460356.560278,0.99747,0.00242,1.3243,-0.34,1.02,5.42,22838
2460356.560384,1.00047,0.00243,1.3249,-0.60,-0.17,5.94,20795
2460356.560489,1.00536,0.00244,1.3255,-0.70,-0.79,5.62,20006
2460356.560594,1.00033,0.00243,1.3262,-1.12,-0.51,5.02,26197
2460356.560699,1.00118,0.00243,1.3269,0.11,-0.21,5.12,25503
2460356.560805,0.99915,0.00243,1.3276,0.40,-0.72,5.69,25506
2460356.560910,0.99438,0.00242,1.3282,0.35,0.14,5.34,24350
2460356.561015,1.00180,0.00243,1.3288,0.48,0.35,5.31,24564
2460356.561120,1.00533,0.00244,1.3295,0.80,0.43,5.67,23356
2460356.561225,0.99800,0.00243,1.3302,1.54,0.72,5.11,23178
2460356.561331,1.00249,0.00244,1.3309,1.45,0.88,5.91,19121
2460356.561436,1.00062,0.00245,1.3315,0.21,1.33,5.42,17605
2460356.561541,0.99798,0.00244,1.3321,-1.17,1.11,6.12,18282
2460356.561646,0.99947,0.00243,1.3329,-2.23,0.01,6.31,17365
2460356.561752,0.99793,0.00243,1.3335,-2.92,-0.07,5.51,20550
2460356.561857,0.99602,0.00243,1.3342,-2.60,-0.25,6.03,19029
2460356.561962,1.00267,0.00244,1.3349,-1.45,-0.17,5.13,23457
2460356.562067,1.00036,0.00244,1.3356,-2.18,0.09,5.74,19891
2460356.562173,0.99759,0.00244,1.3362,-2.43,-0.11,5.89,21685
2460356.562278,1.00512,0.00245,1.3369,-2.30,0.53,5.79,20123
2460356.562382,1.00290,0.00245,1.3376,-1.82,0.54,5.64,21840
2460356.562487,0.99796,0.00244,1.3382,-2.54,0.35,6.00,18432
2460356.562592,0.99763,0.00244,1.3389,-2.52,1.18,5.77,21361
2460356.562698,0.99802,0.00243,1.3396,-1.90,1.23,5.49,21826
2460356.562803,0.99904,0.00244,1.3403,-1.74,1.37,5.48,22818
2460356.562908,1.00120,0.00244,1.3410,-0.14,-0.24,5.67,18407
2460356.563013,0.99871,0.00243,1.3416,-0.02,-0.47,5.25,22804
2460356.563118,0.99982,0.00244,1.3423,0.56,-0.66,5.76,20263
2460356.563223,0.99778,0.00244,1.3430,1.46,-0.56,5.43,24286
2460356.563329,0.99409,0.00243,1.3437,1.99,-0.11,5.03,27223
2460356.563434,0.99757,0.00244,1.3443,0.72,-0.24,5.46,23627
2460356.563539,1.00110,0.00244,1.3451,-0.75,0.28,5.75,20463
2460356.563644,1.00306,0.00246,1.3458,-3.17,0.48,5.27,19644
2460356.563750,0.99953,0.00245,1.3465,-2.75,0.75,5.01,22784
2460356.563855,1.00208,0.00246,1.3471,-1.76,1.10,5.98,18307
2460356.563960,1.00156,0.00245,1.3478,-0.55,0.84,5.32,23070
2460356.564065,0.99987,0.00245,1.3485,-0.67,1.41,5.58,21296
2460356.564170,1.00323,0.00246,1.3492,-0.57,-0.15,6.20,16848
2460356.564275,1.00173,0.00245,1.3499,-1.14,-0.34,5.14,22627
2460356.564380,0.99518,0.00244,1.3505,-0.75,0.10,5.18,21660
2460356.564485,1.00014,0.00245,1.3512,-0.63,-0.33,5.26,24052
2460356.564590,1.00080,0.00245,1.3519,0.62,0.24,5.13,23226
2460356.564696,0.99698,0.00244,1.3527,1.54,0.30,5.21,24265
2460356.564801,0.99587,0.00244,1.3533,1.36,-0.05,5.82,22123
2460356.564906,1.00238,0.00246,1.3540,1.12,-0.73,5.40,23389
2460356.565011,0.99602,0.00245,1.3548,0.82,-0.41,5.27,21034
2460356.565116,1.00365,0.00246,1.3555,2.14,0.23,5.48,19526
2460356.565221,1.00139,0.00245,1.3562,2.54,-0.32,4.89,28112
2460356.565326,0.99743,0.00245,1.3568,2.31,-0.10,5.25,23485
2460356.565431,0.99776,0.00244,1.3575,-0.81,-0.43,6.63,17928
2460356.565536,0.99705,0.00245,1.3583,-3.70,-0.42,5.51,24386
2460356.565641,1.00147,0.00246,1.3590,-4.37,-0.79,5.59,20945
2460356.565746,0.99933,0.00246,1.3597,-4.22,-0.26,5.42,23080
2460356.565851,0.99842,0.00245,1.3604,-2.65,-0.09,5.32,24293
2460356.565957,0.99796,0.00245,1.3611,-1.40,0.20,5.17,25286
2460356.566062,1.00314,0.00246,1.3619,-0.70,-0.25,5.08,24261
2460356.566167,0.99764,0.00245,1.3625,-0.39,-0.17,5.21,26397
2460356.566272,1.00007,0.00245,1.3632,-0.04,-0.31,4.90,23940
2460356.566378,1.00260,0.00246,1.3640,-0.04,-0.12,5.34,23936
2460356.566483,1.00480,0.00246,1.3647,1.04,0.50,5.27,25750
2460356.566588,0.99987,0.00246,1.3654,2.04,0.58,5.57,20420
2460356.566693,1.00107,0.00247,1.3661,1.85,-0.52,6.28,17690
2460356.566799,0.99851,0.00246,1.3668,2.03,-0.93,5.40,21743
2460356.566903,1.00069,0.00247,1.3676,2.34,-0.96,5.46,21955
2460356.567009,1.00306,0.00247,1.3683,2.63,-0.56,5.51,20095
2460356.567114,0.99798,0.00246,1.3690,3.11,-0.54,5.40,22731
2460356.567219,0.99647,0.00245,1.3697,2.96,-0.27,5.27,24932
2460356.567324,0.99898,0.00246,1.3705,0.07,0.21,6.45,18990
2460356.567429,1.00208,0.00246,1.3712,-3.07,0.22,4.86,24827
2460356.567534,1.00097,0.00246,1.3720,-4.13,0.41,5.06,23255
2460356.567639,1.00189,0.00247,1.3727,-5.33,0.63,5.93,21474
2460356.567744,0.99749,0.00246,1.3735,-4.54,0.61,5.81,21331
2460356.567849,0.99608,0.00246,1.3741,-3.34,1.16,5.68,19579
2460356.567954,0.99953,0.00246,1.3749,-1.28,-0.11,6.62,16179
2460356.568059,1.00175,0.00247,1.3756,0.16,-0.81,5.63,21588
2460356.568164,0.99593,0.00246,1.3763,0.27,-0.70,5.46,24774
2460356.568269,1.00031,0.00247,1.3771,0.45,-0.38,5.37,23704
2460356.568375,0.99958,0.00247,1.3778,-0.56,0.45,5.46,23299
2460356.568480,1.00101,0.00247,1.3785,-0.05,0.60,5.40,23671
2460356.568585,0.99634,0.00246,1.3793,0.78,-0.42,5.33,22063
2460356.568690,1.00193,0.00247,1.3800,1.26,-0.53,5.62,22957
2460356.568795,1.00216,0.00247,1.3808,0.81,-0.31,5.03,25463
2460356.568901,0.99789,0.00246,1.3815,0.70,0.03,4.75,27125
2460356.569006,1.00030,0.00247,1.3823,1.17,0.14,5.59,20074
2460356.569111,0.99742,0.00247,1.3830,1.71,0.07,5.12,22005
2460356.569216,1.00189,0.00248,1.3838,0.59,0.03,6.54,17042
2460356.569321,1.00274,0.00248,1.3845,-1.90,-0.76,5.32,23229
2460356.569427,0.99784,0.00247,1.3853,-3.22,-0.32,5.39,22949
2460356.569532,0.99967,0.00247,1.3860,-4.55,0.06,5.46,23012
2460356.569637,0.99619,0.00247,1.3868,-4.45,0.46,5.33,22622
2460356.569742,1.00739,0.00249,1.3875,-3.39,0.34,4.92,23611
2460356.569847,1.00233,0.00248,1.3883,-1.03,0.23,6.21,18156
2460356.569951,0.99905,0.00248,1.3890,-0.33,-0.80,5.28,23679
2460356.570056,1.00396,0.00248,1.3898,-0.42,-0.36,5.39,24558
2460356.570161,0.99664,0.00247,1.3906,-1.13,-0.01,5.20,25616
2460356.570267,0.99693,0.00247,1.3913,-2.09,0.48,5.26,23686
2460356.570372,0.99721,0.00248,1.3921,-2.18,0.86,5.98,23189
2460356.570477,0.99931,0.00248,1.3929,-0.59,-0.65,5.83,17736
2460356.570582,0.99872,0.00248,1.3936,0.78,-0.86,5.14,25016
2460356.570688,1.00009,0.00248,1.3944,0.59,-0.86,5.09,24423
2460356.570793,0.99694,0.00247,1.3951,-0.34,-0.88,5.31,26213
2460356.570898,1.00781,0.00250,1.3959,-0.05,-0.42,5.15,23177
2460356.571003,0.99789,0.00248,1.3967,1.07,-0.06,4.58,28604
2460356.571108,0.99848,0.00248,1.3975,0.94,-0.25,5.37,23187
2460356.571212,0.99950,0.00249,1.3982,-0.44,-0.54,5.30,21239
2460356.571318,0.99869,0.00248,1.3990,-1.33,-0.59,5.07,23975
2460356.571423,1.00350,0.00249,1.3998,-2.99,-0.51,5.13,25190
2460356.571528,0.99769,0.00248,1.4006,-3.69,0.15,5.67,20710
2460356.571633,0.99923,0.00249,1.4013,-3.29,0.06,4.92,22699
2460356.571738,0.99574,0.00248,1.4021,-1.32,-0.14,6.03,17292
2460356.571843,1.00504,0.00250,1.4029,-0.18,-0.17,5.43,23416
2460356.571948,0.99657,0.00249,1.4037,-0.85,0.29,5.83,20165
2460356.572053,0.99514,0.00248,1.4045,-1.37,0.08,4.67,25420
2460356.572158,0.99645,0.00249,1.4052,-2.58,1.03,5.56,21220
2460356.572263,0.99621,0.00248,1.4060,-2.59,0.75,5.09,26255
2460356.572368,0.99786,0.00249,1.4068,-1.88,-0.30,5.59,18662
2460356.572474,1.00030,0.00249,1.4076,-0.11,-0.53,4.88,24079
2460356.572579,1.00053,0.00250,1.4084,0.26,-0.39,5.42,21722
2460356.572685,0.99918,0.00249,1.4092,0.50,-0.16,5.38,23251
2460356.572790,1.00175,0.00250,1.4100,0.57,0.14,5.26,26181
2460356.572895,0.99844,0.00249,1.4108,0.98,0.16,5.13,24434
2460356.573000,1.00162,0.00250,1.4116,1.07,-0.56,5.81,20463
2460356.573106,0.99878,0.00249,1.4124,1.05,-0.20,4.76,26565
2460356.573211,0.99803,0.00249,1.4132,0.60,-0.77,5.38,22507
2460356.573316,1.00043,0.00250,1.4140,-0.84,-0.38,4.72,26087
2460356.573422,0.99969,0.00250,1.4148,-1.87,-0.03,5.03,21221
2460356.573527,0.99828,0.00250,1.4156,-1.51,0.13,5.65,23253
2460356.573632,1.00111,0.00250,1.4164,-0.36,-0.63,5.56,20105
2460356.573737,0.99665,0.00250,1.4172,1.12,-1.00,4.74,25854
2460356.573842,0.99966,0.00250,1.4180,0.09,-0.72,5.63,21874
2460356.573948,0.99946,0.00250,1.4188,-0.52,-0.62,5.43,23729
2460356.574053,0.99467,0.00249,1.4196,-1.06,-0.16,4.83,23396
2460356.574158,1.00211,0.00251,1.4204,-1.51,-0.17,5.11,24094
2460356.574263,0.99825,0.00249,1.4212,-1.55,0.12,5.30,24720
2460356.574368,1.00008,0.00251,1.4220,-0.98,0.78,5.02,24493
2460356.574473,1.00008,0.00251,1.4228,-0.81,0.94,5.06,24010
2460356.574579,1.00238,0.00251,1.4237,-0.47,1.53,5.14,23732
2460356.574684,0.99938,0.00251,1.4245,0.16,1.42,4.95,24804
2460356.574789,1.00069,0.00251,1.4253,1.16,1.56,5.29,24018
2460356.574895,1.00109,0.00251,1.4261,1.40,0.46,5.96,19700
2460356.575000,1.00282,0.00251,1.4269,1.82,-0.27,4.92,24149
2460356.575105,1.00432,0.00252,1.4278,2.49,-0.46,5.55,23269
2460356.575210,0.99954,0.00251,1.4286,1.49,0.02,5.11,25098
2460356.575316,0.99670,0.00251,1.4294,0.61,0.33,5.98,22105
2460356.575421,0.99997,0.00251,1.4302,0.45,0.65,4.61,27872
2460356.575526,0.99525,0.00250,1.4311,0.02,-0.26,5.71,20531
2460356.575631,0.99636,0.00250,1.4319,1.05,-0.83,4.72,26215
2460356.575736,1.00227,0.00252,1.4327,2.09,-0.55,5.04,25139
2460356.575841,0.99559,0.00251,1.4336,1.60,-0.50,5.13,25473
2460356.575947,1.00087,0.00252,1.4344,1.27,-0.41,5.67,22767
2460356.576052,0.99711,0.00251,1.4352,0.50,-0.10,4.86,27467
2460356.576157,0.99774,0.00252,1.4361,-0.56,-0.54,5.79,18730
2460356.576261,0.99879,0.00252,1.4369,-0.64,-0.23,5.19,24684
2460356.576366,0.99924,0.00253,1.4377,-0.86,-0.12,5.54,21050
2460356.576471,0.99538,0.00251,1.4386,-0.20,0.06,5.17,22051
2460356.576576,0.99919,0.00253,1.4394,0.54,0.26,5.46,21052
2460356.576681,1.00065,0.00253,1.4403,1.20,0.45,5.34,21656
2460356.576787,0.99355,0.00251,1.4411,1.17,-0.19,5.62,21988
2460356.576891,0.99890,0.00252,1.4419,1.32,-1.13,5.35,23078
2460356.576996,0.99671,0.00252,1.4428,2.16,-0.54,5.51,20390
2460356.577101,1.00101,0.00253,1.4436,1.58,-0.46,5.09,24567
2460356.577206,0.99692,0.00252,1.4445,1.07,-0.45,5.83,21411
2460356.577311,0.99935,0.00253,1.4453,0.47,0.01,5.53,24727
2460356.577416,0.99424,0.00251,1.4462,-0.76,-0.51,5.23,23433
2460356.577522,0.99725,0.00252,1.4470,0.08,-1.15,5.11,25284
2460356.577627,0.99756,0.00252,1.4479,1.58,-0.69,5.50,22755
2460356.577732,0.99847,0.00253,1.4488,2.04,-0.66,5.48,23786
2460356.577837,0.99880,0.00253,1.4496,1.23,-0.13,4.88,25405
2460356.577943,1.00018,0.00253,1.4505,0.82,-0.09,5.18,26292
2460356.578048,0.99377,0.00252,1.4512,-0.67,-0.64,5.70,21567
2460356.578153,0.99937,0.00253,1.4521,-0.77,-0.43,5.19,25181
2460356.578258,0.99559,0.00253,1.4531,-0.74,-0.01,4.70,26859
2460356.578363,0.99958,0.00253,1.4539,-0.47,-0.12,4.71,25734
2460356.578468,1.00161,0.00254,1.4548,-0.49,-0.26,5.21,22895
2460356.578573,0.99661,0.00253,1.4557,0.17,0.15,5.31,25021
2460356.578679,0.99986,0.00254,1.4565,0.69,-0.11,5.38,21848
2460356.578784,1.00014,0.00254,1.4574,1.72,-0.49,4.76,26061
2460356.578889,0.99698,0.00254,1.4583,2.87,0.09,5.44,19180
2460356.578994,0.99849,0.00254,1.4592,3.54,0.05,5.42,22209
2460356.579099,1.00160,0.00255,1.4599,2.77,0.64,4.92,24500
2460356.579205,1.00251,0.00255,1.4609,2.41,1.07,5.29,21719
2460356.579310,1.00132,0.00255,1.4618,-0.67,-0.17,7.47,14206
2460356.579415,0.99587,0.00254,1.4627,-1.74,-0.75,5.30,21741
2460356.579520,0.99484,0.00253,1.4635,-0.81,-0.39,5.04,25796
2460356.579626,0.99864,0.00255,1.4644,0.21,-0.35,5.10,21602
2460356.579731,0.99807,0.00254,1.4653,-0.09,0.02,4.91,26211
2460356.579836,0.99716,0.00254,1.4662,-1.17,0.17,5.06,24555
2460356.579942,1.00266,0.00255,1.4671,-1.79,-0.03,5.05,24414
2460356.580046,0.99754,0.00254,1.4679,-2.85,-0.94,4.81,27379
2460356.580152,1.00164,0.00255,1.4689,-3.70,-0.54,5.42,24164
2460356.580257,0.99610,0.00254,1.4698,-4.46,-0.22,5.02,24016
2460356.580362,0.99910,0.00255,1.4707,-4.21,0.11,4.97,26025
2460356.580467,0.99703,0.00254,1.4716,-3.74,0.64,4.68,25919
2460356.580572,1.00214,0.00256,1.4724,-1.19,-0.30,7.51,16878
2460356.580678,0.99874,0.00255,1.4733,1.44,-0.61,5.36,22547
2460356.580783,0.99951,0.00256,1.4742,2.56,-0.77,5.48,23715
2460356.580888,0.99644,0.00255,1.4751,3.82,-0.19,5.00,24264
2460356.580994,0.99978,0.00256,1.4761,3.51,-0.39,5.28,21996
2460356.581099,1.00182,0.00256,1.4770,2.26,0.28,5.12,23764
2460356.581204,0.99560,0.00255,1.4779,-0.75,-0.39,6.84,16288
2460356.581309,0.99286,0.00255,1.4788,-2.46,-0.78,5.16,25539
2460356.581414,0.99118,0.00254,1.4797,-2.16,-0.54,4.91,24959
2460356.581520,0.99377,0.00255,1.4806,-1.38,-0.51,5.06,23852
2460356.581624,0.99775,0.00256,1.4815,-1.26,0.11,5.56,20650
2460356.581730,1.00190,0.00258,1.4824,-1.21,0.15,5.56,21291
2460356.581835,0.99460,0.00255,1.4833,-0.83,0.02,5.47,20382
2460356.581940,0.99794,0.00257,1.4842,-0.83,-0.65,5.80,20902
2460356.582045,0.99670,0.00256,1.4852,-1.28,-0.01,5.14,19860
2460356.582150,0.99418,0.00256,1.4861,-1.15,0.10,4.91,22016
2460356.582255,1.00319,0.00258,1.4870,-0.02,0.11,6.00,16428
2460356.582360,0.99735,0.00257,1.4879,-0.02,0.34,5.34,18966
2460356.582465,0.99398,0.00256,1.4887,0.38,-0.08,5.08,20782
2460356.582570,0.99672,0.00257,1.4898,0.15,-0.52,4.99,23441
2460356.582675,0.99527,0.00257,1.4907,0.54,-0.02,5.54,19425
2460356.582781,1.00006,0.00258,1.4916,1.39,-0.06,5.75,20244
2460356.582885,0.99551,0.00256,1.4926,1.25,-0.13,5.06,20342
2460356.582990,0.99261,0.00256,1.4935,0.87,0.14,5.83,21298
2460356.583095,0.99672,0.00257,1.4944,-1.32,-0.32,5.67,18564
2460356.583200,0.99445,0.00256,1.4954,-3.58,-0.65,5.53,20870
2460356.583305,1.00302,0.00258,1.4963,-4.14,-0.18,5.30,22006
2460356.583409,0.99731,0.00257,1.4972,-3.44,-0.19,4.87,24087
2460356.583514,0.99839,0.00258,1.4982,-2.24,0.42,4.82,25284
2460356.583619,0.99660,0.00257,1.4991,-2.67,0.54,4.99,24231
2460356.583724,0.99373,0.00257,1.5000,-2.05,-0.26,6.06,16613
2460356.583829,0.99843,0.00259,1.5010,-1.97,-0.59,5.49,21819
2460356.583933,1.00149,0.00259,1.5019,-2.18,-0.28,5.07,22676
2460356.584039,1.00073,0.00259,1.5029,-1.96,-0.62,5.78,21162
2460356.584144,0.99415,0.00258,1.5038,-1.93,-0.02,5.17,20716
2460356.584250,0.99383,0.00257,1.5048,-0.89,0.26,5.25,23476
2460356.584355,0.99912,0.00258,1.5056,0.66,-0.23,5.14,22351
2460356.584460,0.99601,0.00258,1.5066,1.08,-1.21,5.10,20493
2460356.584565,1.00000,0.00259,1.5076,1.28,-0.78,5.30,19959
2460356.584670,0.99481,0.00259,1.5086,1.60,-0.25,6.13,16298
2460356.584776,0.99994,0.00260,1.5095,2.19,-0.41,4.92,23368
2460356.584881,0.99296,0.00258,1.5104,1.99,-0.15,5.44,20181
2460356.584986,0.99907,0.00260,1.5114,-1.14,-0.38,6.64,14755
2460356.585091,0.99231,0.00258,1.5125,-3.78,0.09,5.14,21185
2460356.585197,1.00047,0.00261,1.5134,-5.29,-0.09,5.56,17693
2460356.585302,0.99566,0.00259,1.5144,-5.64,0.40,5.00,22300
2460356.585407,0.99675,0.00259,1.5154,-3.95,0.80,5.13,23220
2460356.585512,0.99690,0.00259,1.5163,-3.53,0.98,4.88,24083
2460356.585618,0.99587,0.00260,1.5173,-2.06,0.03,6.31,14769
2460356.585723,0.99778,0.00260,1.5183,-1.30,-0.42,5.71,19220
2460356.585828,0.99572,0.00259,1.5193,-0.96,-0.09,4.81,24084
2460356.585933,0.99765,0.00260,1.5201,-0.45,0.28,5.53,20539
2460356.586038,0.99454,0.00260,1.5212,-0.72,0.56,5.32,21203
2460356.586143,0.99825,0.00260,1.5222,-0.14,0.43,5.12,23207
2460356.586248,0.99732,0.00260,1.5232,0.54,-0.15,5.69,20705
2460356.586353,0.99982,0.00261,1.5241,1.34,-0.71,5.38,23033
2460356.586458,0.99767,0.00261,1.5250,1.46,-0.26,5.22,20565
2460356.586564,0.99863,0.00261,1.5260,1.81,-0.32,4.66,21064
2460356.586669,0.99014,0.00259,1.5270,2.23,-0.04,5.28,21234
2460356.586774,0.99889,0.00261,1.5280,3.37,-0.34,5.27,20184
2460356.586879,0.99622,0.00261,1.5290,0.30,-0.39,7.84,13987
2460356.586984,0.99345,0.00260,1.5301,-2.73,-0.47,4.95,25065
2460356.587089,1.00117,0.00261,1.5311,-4.25,-0.04,4.78,24177
2460356.587194,0.99750,0.00260,1.5321,-5.15,0.02,4.96,23886
2460356.587299,0.99302,0.00260,1.5331,-4.41,0.47,5.56,21718
2460356.587404,0.99625,0.00261,1.5340,-2.80,0.64,5.03,28181
2460356.587509,0.99265,0.00260,1.5351,-1.32,0.07,6.05,16509
2460356.587615,0.99376,0.00260,1.5361,0.00,-0.35,4.98,24352
2460356.587720,0.99871,0.00262,1.5370,-0.05,-0.28,5.20,23448
2460356.587825,0.99831,0.00262,1.5380,0.09,0.28,5.39,22607
2460356.587930,0.99908,0.00262,1.5390,0.35,0.33,4.97,24023
2460356.588036,0.99620,0.00261,1.5400,1.19,0.85,4.69,25899
2460356.588140,0.99563,0.00262,1.5411,1.32,-0.20,6.05,17954
2460356.588245,0.99906,0.00262,1.5421,2.00,-0.68,5.43,22492
2460356.588351,0.99499,0.00262,1.5431,1.76,-0.21,5.02,22073
2460356.588456,0.99882,0.00263,1.5441,2.44,-0.19,5.77,20758
2460356.588561,0.99368,0.00261,1.5451,3.04,-0.06,5.45,23609
2460356.588666,1.00051,0.00263,1.5462,3.58,0.30,5.42,23400
2460356.588771,0.99539,0.00262,1.5472,0.60,-0.40,7.54,15715
2460356.588876,1.00028,0.00263,1.5483,-2.72,-0.71,5.52,20238
2460356.588981,0.99874,0.00263,1.5493,-3.36,-0.99,5.30,21603
2460356.589192,0.99752,0.00264,1.5514,-6.28,0.30,5.90,16295
2460356.589297,0.99240,0.00262,1.5523,-4.90,0.75,5.41,19435
2460356.589402,0.99897,0.00264,1.5534,-1.13,-0.39,7.77,13477
2460356.589507,0.99916,0.00264,1.5545,-0.26,-0.42,5.06,20323
2460356.589612,0.99604,0.00263,1.5556,-0.48,-0.91,4.86,24352
2460356.589717,0.99937,0.00264,1.5565,-0.38,-1.06,5.94,20007
2460356.589823,0.99399,0.00263,1.5575,-1.09,0.00,5.18,21099
2460356.589928,0.99799,0.00264,1.5586,-1.36,0.70,5.28,21299
2460356.590033,0.98990,0.00264,1.5597,-0.86,0.04,6.18,13586
2460356.590138,0.99954,0.00265,1.5607,1.43,-1.26,5.13,21904
2460356.590242,1.00187,0.00265,1.5617,0.97,-0.82,5.42,20529
2460356.590348,0.99554,0.00264,1.5628,1.26,-0.19,5.20,22593
2460356.590453,0.99380,0.00264,1.5638,0.36,0.27,5.04,22794
2460356.590558,0.99363,0.00264,1.5649,1.39,0.29,5.67,21547
2460356.590663,0.99891,0.00265,1.5659,0.57,-0.23,5.98,16489
2460356.590768,0.99625,0.00265,1.5670,0.70,-0.41,5.54,19307
2460356.590873,0.99767,0.00266,1.5681,-1.78,0.33,5.50,16312
2460356.590978,0.99917,0.00266,1.5692,-3.39,0.47,5.31,18863
2460356.591399,1.00064,0.00266,1.5734,0.55,-0.84,5.40,19381
2460356.591504,0.99710,0.00265,1.5745,-0.15,-0.70,5.58,19720
2460356.591609,0.99745,0.00266,1.5755,-0.71,-0.38,5.41,20287
2460356.591714,0.99278,0.00265,1.5766,-0.74,-0.17,5.85,17665
2460356.591819,0.98911,0.00265,1.5777,-1.34,-0.02,6.14,15806
2460356.591924,0.99668,0.00266,1.5789,-0.60,-0.21,5.66,17594
2460356.592030,0.99055,0.00265,1.5799,-0.07,-0.09,5.31,21879
2460356.592135,0.99956,0.00266,1.5809,0.16,0.08,5.04,24743
2460356.592240,0.99751,0.00267,1.5820,-0.28,-0.12,5.90,17825
2460356.592766,0.99315,0.00266,1.5875,1.30,-1.00,5.67,19380
2460356.593081,0.99662,0.00267,1.5908,-1.49,-0.16,5.34,19605
2460356.593186,0.99729,0.00268,1.5919,-0.60,-0.85,6.00,15969
2460356.593396,0.99707,0.00268,1.5941,0.12,-0.60,6.10,18170
2460356.593501,0.99559,0.00267,1.5952,-0.75,-0.05,5.15,21382
2460356.593606,0.99407,0.00268,1.5963,-1.26,0.57,5.34,20871
2460356.593711,0.99924,0.00268,1.5974,-1.09,0.09,5.60,18569
2460356.593817,0.99647,0.00268,1.5986,0.24,0.23,6.02,16781
2460356.593922,0.99660,0.00268,1.5997,0.92,0.07,5.10,19842
2460356.594027,1.00110,0.00270,1.6008,1.64,-0.08,6.07,17890
2460356.594132,0.99968,0.00269,1.6019,2.46,0.13,5.22,22079
2460356.594238,0.99964,0.00270,1.6030,2.63,0.93,5.75,19167
2460356.594659,1.00186,0.00270,1.6076,0.97,-0.82,5.68,19077
2460356.594764,1.00188,0.00271,1.6087,0.08,-0.42,5.86,19836
2460356.594869,1.00351,0.00271,1.6098,-1.15,-0.27,5.38,19600
2460356.594974,0.99582,0.00270,1.6110,-2.04,-0.26,5.65,17752
2460356.595079,0.99763,0.00270,1.6121,-1.90,-0.24,5.81,17591
2460356.595184,0.99496,0.00270,1.6133,0.17,-0.42,5.75,19287
2460356.595289,0.99140,0.00269,1.6144,-0.08,0.13,5.55,18894
2460356.595394,0.99539,0.00269,1.6155,-0.56,0.41,4.86,23166
2460356.595499,1.00082,0.00271,1.6167,-0.42,0.67,5.02,22701
2460356.595604,0.99252,0.00269,1.6178,-0.80,1.25,5.17,21861
2460356.595709,0.99859,0.00271,1.6190,-0.73,-0.27,5.90,17582
2460356.595814,0.99410,0.00269,1.6201,0.31,-1.01,4.92,23653
2460356.595919,0.99380,0.00270,1.6213,0.18,-0.11,5.22,22294
2460356.596025,1.00015,0.00271,1.6225,1.65,0.14,5.35,21925
2460356.596130,0.99348,0.00269,1.6236,2.25,-0.03,5.20,25944
2460356.596235,1.00117,0.00273,1.6248,2.38,0.76,5.62,18894
2460356.596340,0.99883,0.00272,1.6260,1.25,-0.81,6.58,16862
2460356.596446,0.99742,0.00271,1.6271,1.58,-1.37,5.20,21414
2460356.596551,0.99889,0.00272,1.6283,2.31,-0.95,5.24,21263
2460356.596656,1.00172,0.00273,1.6295,1.44,-0.28,5.03,20975
2460356.596762,0.99465,0.00272,1.6306,-0.18,-0.07,5.43,18220
2460356.596867,0.99970,0.00273,1.6318,-0.83,0.05,5.50,20080
2460356.596972,0.99772,0.00272,1.6330,-1.85,-0.22,5.56,20102
2460356.597077,0.99165,0.00271,1.6342,-0.31,-0.53,5.42,20443
2460356.597182,0.99453,0.00271,1.6353,0.96,-0.33,4.83,25704
2460356.597287,0.99280,0.00271,1.6365,1.41,0.21,5.42,23368
2460356.597392,0.99896,0.00273,1.6377,0.88,0.58,5.24,20185
2460356.597497,0.99481,0.00272,1.6389,1.13,1.03,5.66,20562
2460356.597602,0.99978,0.00273,1.6401,1.02,-0.90,6.05,16898
2460356.597707,0.99795,0.00273,1.6413,-0.17,-1.05,4.88,22839
2460356.597813,0.99355,0.00272,1.6425,1.20,-0.95,5.36,20420
2460356.597918,1.00064,0.00274,1.6437,2.07,-0.10,5.30,22584
2460356.598023,0.99736,0.00274,1.6449,2.61,-0.15,5.25,20072
2460356.598128,1.00191,0.00275,1.6461,3.77,0.34,6.11,18520
2460356.598338,1.00280,0.00276,1.6485,1.12,-0.52,5.79,17626
2460356.598443,0.99600,0.00275,1.6497,1.12,-0.11,6.09,14684
2460356.598548,0.99465,0.00274,1.6509,1.39,-0.06,5.32,20239
2460356.598653,0.99235,0.00274,1.6521,-0.08,0.42,5.82,18158
2460356.598759,0.99156,0.00273,1.6533,-1.18,0.82,6.37,18345
2460356.598864,1.00283,0.00276,1.6546,-2.65,-0.18,5.64,17512
2460356.598969,0.99366,0.00274,1.6558,-2.11,-0.97,5.82,17818
2460356.599074,0.99659,0.00274,1.6570,-1.45,-0.86,5.32,20904
2460356.599179,1.00086,0.00276,1.6582,-1.00,-0.26,5.01,20237
2460356.599285,0.99972,0.00276,1.6594,-1.16,0.02,5.40,20619
2460356.599390,0.99830,0.00276,1.6607,-0.81,0.60,4.96,21760
2460356.599495,1.00156,0.00277,1.6619,-0.71,0.19,5.56,18723
2460356.599600,0.99513,0.00276,1.6631,0.56,-0.17,5.90,19268
2460356.599706,0.99212,0.00275,1.6644,0.85,-0.28,5.35,18536
2460356.599811,0.99557,0.00276,1.6656,1.87,0.58,5.66,18373
2460356.600232,0.99860,0.00277,1.6706,0.71,-1.56,5.84,19518
2460356.600337,0.99582,0.00276,1.6718,0.82,-1.40,5.45,20858
2460356.600442,0.99458,0.00276,1.6731,1.07,-0.44,5.33,20640
2460356.600547,0.99726,0.00277,1.6742,0.53,-0.56,4.88,24814
2460356.600652,0.99708,0.00276,1.6756,-1.11,0.16,4.93,19997
2460356.600757,0.99735,0.00277,1.6769,-2.52,-0.57,5.58,19600
2460356.600862,1.00198,0.00279,1.6781,-3.12,-0.44,5.99,15316
2460356.600968,0.99440,0.00277,1.6794,-3.38,-0.60,5.58,18155
2460356.601072,0.99512,0.00278,1.6806,-2.25,-0.44,5.63,19233
2460356.601177,1.00101,0.00279,1.6819,-2.05,0.03,5.72,19005
2460356.601282,0.99304,0.00279,1.6832,-2.88,0.04,6.15,15641
2460356.601388,1.00195,0.00279,1.6845,-0.74,-0.14,5.46,18074
2460356.601493,0.99640,0.00279,1.6856,0.05,-0.96,5.13,20497
2460356.601598,0.99949,0.00279,1.6870,0.54,-0.08,5.25,20717
2460356.601703,0.99954,0.00279,1.6883,0.95,0.49,5.40,20475
2460356.601808,0.99392,0.00278,1.6896,2.21,0.87,6.04,16777
2460356.601913,0.99720,0.00279,1.6907,2.86,1.27,5.82,17933
2460356.602124,0.99842,0.00280,1.6934,1.59,-1.31,5.54,19286
2460356.602228,1.00316,0.00280,1.6947,1.71,-1.36,5.21,23450
2460356.602334,0.99451,0.00279,1.6960,2.05,-0.64,5.26,21158
2460356.602439,0.99796,0.00281,1.6972,2.38,-0.67,5.66,18707
2460356.602544,0.99466,0.00280,1.6986,1.50,-0.25,6.00,17238
2460356.602650,1.00235,0.00281,1.6999,-1.12,0.22,6.35,19226
2460356.602755,0.99602,0.00279,1.7012,-3.00,0.62,5.00,23626
2460356.602860,1.00083,0.00281,1.7025,-3.76,1.02,5.20,21243
2460356.602965,0.99562,0.00281,1.7037,-3.59,1.28,5.45,19942
2460356.603071,0.99365,0.00280,1.7051,-2.80,1.48,5.44,20433
2460356.603176,0.99870,0.00281,1.7065,-4.03,1.77,5.46,20741
2460356.603281,1.00250,0.00283,1.7078,-1.52,-0.21,7.19,15044
2460356.603387,1.00174,0.00282,1.7090,-0.23,-0.82,5.38,21841
2460356.603492,1.00265,0.00282,1.7104,0.56,-0.59,5.57,23399
2460356.603597,1.00263,0.00283,1.7117,0.60,0.48,5.53,21934
2460356.603702,0.99653,0.00282,1.7131,1.18,0.59,5.75,19590
2460356.603807,0.99471,0.00282,1.7142,1.62,0.16,6.09,15795
2460356.603912,0.99842,0.00281,1.7156,1.56,0.07,5.93,18640
2460356.604017,1.00029,0.00282,1.7171,1.24,-0.11,5.71,19402
2460356.604123,0.99870,0.00283,1.7184,1.83,0.27,5.68,19608
2460356.604227,1.00012,0.00284,1.7197,1.95,0.31,5.93,17513
2460356.604332,0.99594,0.00283,1.7209,3.07,0.96,5.49,19624
2460356.604437,0.99977,0.00283,1.7223,2.78,1.16,5.81,18736
2460356.604542,1.00361,0.00284,1.7236,0.06,0.17,7.66,15715
2460356.604647,0.99751,0.00282,1.7251,-2.09,-1.12,5.15,24148
2460356.604752,1.00299,0.00284,1.7265,-4.16,-0.74,5.75,22031
2460356.604858,1.00030,0.00284,1.7277,-4.69,0.24,5.31,19698
2460356.604963,0.99477,0.00283,1.7292,-3.41,0.20,6.05,17892
2460356.605068,0.99682,0.00284,1.7305,-4.14,-0.27,5.40,20112
2460356.605173,0.99768,0.00284,1.7319,-1.95,-0.00,5.43,16841
2460356.605278,0.99441,0.00283,1.7331,-0.59,-0.29,5.64,21853
2460356.605383,0.99416,0.00283,1.7345,-0.01,0.60,5.43,23748
2460356.605488,0.99806,0.00285,1.7359,0.60,0.50,5.61,21004
2460356.605593,0.99993,0.00285,1.7374,0.63,1.46,5.42,20320
2460356.605699,0.99315,0.00284,1.7386,1.90,1.40,5.40,20512
2460356.605804,0.99857,0.00286,1.7400,1.73,0.18,6.63,15585
2460356.605909,0.99515,0.00285,1.7414,1.30,-0.05,5.67,18858
2460356.606014,1.00700,0.00288,1.7429,1.86,0.03,5.64,19196
2460356.606119,0.99568,0.00285,1.7443,1.49,0.61,5.59,17993
2460356.606225,0.99919,0.00286,1.7455,2.08,0.66,5.51,18711
2460356.606330,1.00302,0.00287,1.7469,2.67,0.83,5.47,19157
2460356.606435,0.99276,0.00286,1.7483,0.71,0.35,7.34,13900
2460356.606540,1.00306,0.00287,1.7498,-1.79,-0.47,6.14,17867
2460356.606645,0.99482,0.00286,1.7512,-3.46,0.37,5.63,19380
2460356.606751,0.99316,0.00286,1.7525,-4.15,0.48,6.13,16926
2460356.606856,0.99094,0.00285,1.7539,-3.46,0.89,5.55,19344
2460356.606961,0.99862,0.00287,1.7554,-3.08,1.40,5.75,20727
2460356.607066,0.99549,0.00286,1.7569,-1.77,-0.23,6.93,14152
2460356.607171,0.99720,0.00287,1.7581,-1.35,-0.67,5.68,19240
2460356.607276,1.00036,0.00289,1.7595,-1.34,-0.31,5.33,19497
2460356.607381,1.00300,0.00289,1.7609,-0.96,-0.37,5.38,21081
2460356.607486,0.99776,0.00288,1.7625,-0.89,0.56,5.66,17848
2460356.607592,0.99448,0.00287,1.7640,-0.70,1.01,5.40,20647
2460356.607697,0.99906,0.00288,1.7654,0.57,-0.51,5.81,17295
2460356.607802,1.00268,0.00289,1.7666,1.24,-0.63,5.46,21125
2460356.607907,0.99829,0.00289,1.7681,1.74,-0.08,5.68,20327
2460356.608012,1.00393,0.00290,1.7697,2.06,0.12,5.69,17647
2460356.608117,1.00458,0.00290,1.7711,2.20,0.06,5.92,20517
2460356.608222,0.99986,0.00289,1.7724,3.32,1.18,5.72,21357
2460356.608432,1.00644,0.00292,1.7754,-0.10,-0.78,6.65,13273
2460356.608537,1.00264,0.00291,1.7769,-0.74,-0.35,5.96,18033
2460356.608643,1.00261,0.00291,1.7783,-1.94,-0.06,5.12,20961
2460356.608748,1.00000,0.00291,1.7796,-2.10,0.46,6.17,16084
2460356.608854,1.00230,0.00291,1.7811,-0.71,0.77,5.52,20616
2460356.608958,0.99624,0.00290,1.7825,0.40,-0.35,5.43,20510
2460356.609063,0.99172,0.00289,1.7840,-0.29,-0.26,5.07,21446
2460356.609169,0.99930,0.00291,1.7855,-0.20,0.10,5.51,19006
2460356.609274,0.99761,0.00291,1.7869,-0.26,0.15,5.14,22220
2460356.609379,0.99699,0.00291,1.7884,-0.30,0.71,6.03,18001
2460356.609484,0.99955,0.00292,1.7899,-1.05,1.08,5.37,17673
2460356.609590,0.99998,0.00293,1.7915,-0.68,0.53,6.07,15339
2460356.609695,0.99787,0.00292,1.7928,0.44,-1.23,6.02,17447
2460356.609800,1.00166,0.00293,1.7943,1.32,-0.69,5.58,18809
2460356.609905,0.99856,0.00292,1.7958,1.41,-0.43,5.28,21333
2460356.610010,1.00392,0.00294,1.7973,1.59,-0.29,5.87,17794
2460356.610115,1.00425,0.00294,1.7988,2.37,0.13,5.47,20386
2460356.610220,0.99984,0.00293,1.8003,1.50,-0.43,6.46,16772
2460356.610325,0.99881,0.00294,1.8018,0.80,-0.51,5.58,17798
2460356.610430,0.99860,0.00293,1.8033,0.47,-0.34,5.83,21448
2460356.610535,0.99721,0.00294,1.8048,-0.68,0.23,5.95,17317
2460356.610640,1.00208,0.00294,1.8063,-1.76,0.37,5.82,18224
2460356.610746,1.00029,0.00294,1.8078,-2.24,1.23,5.81,21146
2460356.610851,1.00712,0.00296,1.8093,0.43,-0.69,6.59,14990
2460356.610956,1.00128,0.00295,1.8108,0.40,-0.93,5.54,21060
2460356.611061,0.99896,0.00295,1.8123,-0.43,-0.01,5.59,20551
2460356.611166,1.00134,0.00296,1.8138,-1.32,0.06,5.49,17969
2460356.611271,1.00005,0.00296,1.8154,-1.00,-0.01,6.16,16504
2460356.611376,0.99404,0.00295,1.8169,-1.09,1.03,5.91,17978
2460356.611481,1.00144,0.00297,1.8184,-0.28,-0.03,6.30,14530
2460356.611586,1.00167,0.00297,1.8199,-0.42,-0.65,6.03,17386
2460356.611691,0.99915,0.00297,1.8215,0.60,-0.22,5.86,16943
2460356.611797,1.00357,0.00297,1.8230,1.10,-0.16,5.31,19642
2460356.611902,0.99977,0.00297,1.8246,1.14,0.75,5.70,20961
2460356.612007,1.00373,0.00298,1.8261,1.64,0.94,5.55,18362
2460356.612112,1.00033,0.00298,1.8277,1.27,-0.28,6.30,15186
2460356.612217,0.99774,0.00298,1.8292,1.79,-1.80,5.59,18851
2460356.612428,1.00284,0.00298,1.8323,0.47,-0.13,5.90,19720
2460356.612533,0.99965,0.00298,1.8339,-0.35,-0.35,5.84,19937
2460356.612638,0.99890,0.00298,1.8354,-1.14,0.97,5.94,19163
2460356.612744,1.00522,0.00300,1.8370,-0.16,-0.23,5.98,16665
2460356.612954,0.99996,0.00298,1.8402,-0.87,0.09,5.42,19567
2460356.613059,1.00137,0.00299,1.8417,-1.83,0.47,5.84,17237
2460356.613165,1.00087,0.00300,1.8433,-2.91,1.13,5.09,19690
2460356.613269,0.99781,0.00299,1.8449,-3.01,1.22,5.63,19585
2460356.613375,1.00055,0.00301,1.8465,-1.82,0.12,7.15,13911
2460356.613480,0.99977,0.00301,1.8481,-1.37,-0.07,5.95,16876
2460356.613586,0.99906,0.00300,1.8497,-0.73,0.33,5.63,19334
2460356.613691,1.00213,0.00300,1.8513,-0.78,0.77,5.52,19897
2460356.613796,1.00428,0.00302,1.8529,0.20,0.67,6.12,18149
2460356.613901,0.99847,0.00300,1.8545,0.31,1.48,5.52,20809
2460356.614006,1.00107,0.00301,1.8561,0.51,0.12,6.33,15211
2460356.614112,1.00585,0.00303,1.8577,2.17,-1.38,5.98,16920
2460356.614217,0.99887,0.00301,1.8593,2.23,-0.61,5.96,18731
2460356.614322,1.00116,0.00302,1.8609,1.96,0.09,5.72,19392
2460356.614427,1.00365,0.00302,1.8625,2.24,-0.04,5.53,21441
2460356.614533,1.00297,0.00302,1.8642,0.40,0.49,5.31,23196
2460356.614638,1.00062,0.00302,1.8658,-0.35,-0.34,5.96,20063
2460356.614743,1.00077,0.00302,1.8674,-0.47,-0.32,5.40,21694
2460356.614848,1.00263,0.00303,1.8690,-0.17,0.18,5.54,21012
2460356.614953,1.00683,0.00305,1.8707,-0.64,0.49,5.40,21171
2460356.615058,0.99548,0.00302,1.8723,-1.08,0.75,5.53,20903
2460356.615164,0.99468,0.00302,1.8740,-0.36,1.30,5.74,17899
2460356.615269,1.00112,0.00304,1.8756,0.12,0.13,6.27,16317
2460356.615374,1.00249,0.00304,1.8772,0.11,-0.83,5.64,21618
2460356.615479,1.00444,0.00306,1.8789,1.00,-0.27,5.67,17889
2460356.615585,1.00265,0.00306,1.8806,1.89,0.40,5.81,17390
2460356.615690,1.00145,0.00305,1.8822,3.14,0.42,5.84,20588
2460356.615795,1.00662,0.00307,1.8839,3.10,0.66,6.05,17100
2460356.615900,0.99798,0.00306,1.8855,2.07,-0.36,6.64,13902
2460356.616004,1.00086,0.00307,1.8872,0.86,-0.07,5.80,16373
2460356.616109,1.00007,0.00307,1.8889,1.45,0.25,5.62,16521
2460356.616215,0.99975,0.00306,1.8905,1.39,0.58,5.97,17537
2460356.616320,1.00123,0.00307,1.8922,-0.12,1.15,6.26,17134
2460356.616425,0.99885,0.00307,1.8939,-1.98,1.41,6.50,16144
2460356.616530,0.99834,0.00308,1.8956,-1.97,0.30,6.02,14208
2460356.616636,0.99925,0.00307,1.8973,-1.22,-0.76,5.93,17455
2460356.616741,0.99819,0.00307,1.8990,0.57,-0.42,5.94,17280
2460356.616846,1.00288,0.00308,1.9007,0.01,0.66,5.57,18945
2460356.616952,1.00366,0.00308,1.9024,0.19,0.64,6.02,18031
2460356.617057,1.00161,0.00309,1.9041,-0.75,1.31,5.86,17321
2460356.617162,0.99556,0.00307,1.9058,-0.04,-0.29,6.17,15353
2460356.617267,1.00213,0.00309,1.9075,0.08,-1.03,6.05,16683
2460356.617372,1.00367,0.00310,1.9092,1.24,-0.33,5.82,17348
2460356.617478,1.00612,0.00310,1.9109,2.19,-0.00,5.39,19714
2460356.617583,1.00257,0.00311,1.9126,2.95,0.52,5.96,15996
2460356.617688,1.00142,0.00310,1.9144,3.62,0.36,5.89,15983
2460356.617793,1.00000,0.00310,1.9161,1.25,0.50,6.74,14600
2460356.617898,1.00193,0.00311,1.9178,0.94,0.02,5.47,19270
2460356.618003,0.99799,0.00311,1.9196,1.65,0.37,6.23,15630
2460356.618108,1.00364,0.00313,1.9213,1.28,1.00,5.82,16811
2460356.618213,1.00748,0.00314,1.9230,1.14,1.65,6.55,14708
2460356.618318,0.99847,0.00311,1.9248,-0.66,2.16,5.97,15719
2460356.618423,0.99759,0.00312,1.9265,-2.08,0.49,7.48,12304
2460356.618528,1.00127,0.00312,1.9283,-1.65,-1.03,5.94,16554
2460356.618634,0.99537,0.00310,1.9300,-1.35,-0.43,5.50,21542
2460356.618739,1.00043,0.00312,1.9318,-0.24,-0.17,5.49,19534
2460356.618844,1.00476,0.00314,1.9336,-0.72,0.27,5.59,18950
2460356.618949,1.00360,0.00314,1.9353,-0.55,0.85,6.27,16479
2460356.619055,0.99843,0.00312,1.9371,-0.97,-0.21,5.81,16483
2460356.619160,1.00283,0.00314,1.9389,-0.69,-0.67,5.26,21639
2460356.619265,1.00483,0.00314,1.9407,-0.20,-0.32,5.51,20098
2460356.619370,1.00003,0.00314,1.9424,-0.62,0.27,5.84,19336
2460356.619476,1.00124,0.00315,1.9440,0.36,0.78,6.02,17088
2460356.619581,1.00263,0.00316,1.9458,1.22,1.46,5.82,15504
2460356.619686,1.00489,0.00316,1.9478,1.06,0.08,6.04,15821
2460356.619791,1.00388,0.00316,1.9496,0.69,0.20,6.58,14506
2460356.619897,1.00606,0.00318,1.9512,1.31,-0.32,5.96,15512
2460356.620002,1.00435,0.00317,1.9530,2.15,0.18,5.91,16809
2460356.620107,1.00522,0.00317,1.9550,1.65,1.34,5.70,19576
2460356.620212,1.00144,0.00316,1.9568,0.30,1.11,5.75,18807
2460356.620317,1.00033,0.00316,1.9587,-1.13,0.07,6.54,15829
2460356.620423,0.99927,0.00317,1.9605,-3.19,0.10,6.33,15556
2460356.620528,0.99775,0.00317,1.9623,-3.11,0.48,6.27,15698
2460356.620633,1.00666,0.00320,1.9641,-1.97,0.85,5.45,16912
2460356.620738,1.00181,0.00318,1.9660,-1.47,1.07,6.29,16641
2460356.620843,1.00160,0.00318,1.9678,-1.13,1.79,6.04,18376
2460356.621054,0.99478,0.00317,1.9715,-1.21,-0.73,5.82,16650
2460356.621159,1.00284,0.00321,1.9733,-0.89,-1.05,6.43,14202
2460356.621264,1.00344,0.00320,1.9752,-0.86,-0.31,5.79,19028
2460356.621369,1.00294,0.00320,1.9770,0.06,0.23,6.33,17433
2460356.621579,0.99819,0.00321,1.9808,1.15,-0.15,6.71,13776
